0.01,0.5,1,1.42772e-114,
0.01,0.5,1,2.51055e-115,
0.01,0.5,1,2.32988e-115,
0.01,0.5,1,2.4209e-115,
0.01,0.5,1,3.78325e-114,
0.01,0.5,1,3.42537e-115,
0.01,0.5,1,1.07272e-114,
0.01,0.5,1,2.53005e-115,
1.01,0.5,1,4.20734e-05,
1.01,0.5,1,4.18875e-05,
1.01,0.5,1,4.15495e-05,
1.01,0.5,1,4.15835e-05,
1.01,0.5,1,4.14413e-05,
1.01,0.5,1,4.17599e-05,
1.01,0.5,1,4.17738e-05,
1.01,0.5,1,4.19371e-05,
1.02,0.5,1,0.19523,
1.02,0.5,1,0.0213475,
1.02,0.5,1,0.19523,
1.02,0.5,1,0.19523,
1.02,0.5,1,0.19523,
1.02,0.5,1,0.19523,
1.02,0.5,1,0.19523,
1.02,0.5,1,0.19523,
1.03,0.5,1,0.286575,
1.03,0.5,1,0.286575,
1.03,0.5,1,0.286575,
1.03,0.5,1,0.286575,
1.03,0.5,1,0.286575,
1.03,0.5,1,0.286575,
1.03,0.5,1,0.286575,
1.03,0.5,1,0.286575,
1.04,0.5,1,0.250453,
1.04,0.5,1,0.250453,
1.04,0.5,2,0.422226,0.512278,
1.04,0.5,1,0.250453,
1.04,0.5,2,0.422226,0.512278,
1.04,0.5,2,0.422226,0.512278,
1.04,0.5,1,0.250453,
1.04,0.5,1,0.250453,
1.05,0.5,1,0.234628,
1.05,0.5,1,0.234628,
1.05,0.5,1,0.234628,
1.05,0.5,1,0.234628,
1.05,0.5,1,0.234628,
1.05,0.5,1,0.234628,
1.05,0.5,1,0.234628,
1.05,0.5,1,0.234628,
1.06,0.5,1,0.245795,
1.06,0.5,1,0.245795,
1.06,0.5,1,6.03896e-16,
1.06,0.5,1,0.245795,
1.06,0.5,1,5.0864e-15,
1.06,0.5,1,0.245794,
1.06,0.5,1,0.245794,
1.06,0.5,1,0.245794,
1.07,0.5,1,4.42958e-22,
1.07,0.5,2,0.267881,0.285748,
1.07,0.5,1,2.0529e-21,
1.07,0.5,1,1.50086e-21,
1.07,0.5,2,0.267881,0.285748,
1.07,0.5,1,1.98909e-21,
1.07,0.5,1,3.18723e-21,
1.07,0.5,1,2.68338e-21,
1.08,0.5,1,0.0660573,
1.08,0.5,1,0.0660573,
1.08,0.5,1,0.0660573,
1.08,0.5,1,0.0660573,
1.08,0.5,1,0.0660573,
1.08,0.5,1,0.0660573,
1.08,0.5,1,0.0660573,
1.08,0.5,1,0.0660573,
1.09,0.5,1,4.22245e-13,
1.09,0.5,1,0.301609,
1.09,0.5,1,0.301609,
1.09,0.5,1,1.47563e-13,
1.09,0.5,1,6.95582e-13,
1.09,0.5,1,0.301609,
1.09,0.5,1,3.9186e-13,
1.09,0.5,1,1.0459e-12,
1.1,0.5,1,8.98911e-20,
1.1,0.5,1,3.2145e-19,
1.1,0.5,1,3.24373e-19,
1.1,0.5,1,4.16775e-19,
1.1,0.5,1,4.181e-19,
1.1,0.5,1,4.20754e-19,
1.1,0.5,1,2.66662e-19,
1.1,0.5,1,4.03013e-19,
0.11,0.5,1,1.66182e-152,
0.11,0.5,1,1.30439e-151,
0.11,0.5,1,1.52517e-152,
0.11,0.5,1,1.96399e-152,
0.11,0.5,1,2.88945e-152,
0.11,0.5,1,1.3933e-152,
0.11,0.5,1,9.66717e-152,
0.11,0.5,1,2.00795e-151,
1.11,0.5,1,6.95569e-33,
1.11,0.5,1,6.56084e-34,
1.11,0.5,1,2.3397e-32,
1.11,0.5,1,3.73175e-32,
1.11,0.5,1,1.13184e-31,
1.11,0.5,1,4.36553e-32,
1.11,0.5,1,2.16354e-33,
1.11,0.5,1,9.36604e-33,
1.12,0.5,1,0.216561,
1.12,0.5,1,0.216561,
1.12,0.5,1,0.216561,
1.12,0.5,1,0.216561,
1.12,0.5,1,2.46528e-19,
1.12,0.5,1,0.216561,
1.12,0.5,1,0.216561,
1.12,0.5,1,0.216561,
1.13,0.5,1,0.153748,
1.13,0.5,1,0.153748,
1.13,0.5,1,0.153748,
1.13,0.5,1,0.153748,
1.13,0.5,1,0.153748,
1.13,0.5,1,0.153748,
1.13,0.5,1,0.153748,
1.13,0.5,1,0.153748,
1.14,0.5,1,0.193434,
1.14,0.5,1,0.193434,
1.14,0.5,1,0.193434,
1.14,0.5,1,0.193434,
1.14,0.5,1,0.193434,
1.14,0.5,1,0.193434,
1.14,0.5,1,0.193434,
1.14,0.5,1,0.193434,
1.15,0.5,1,0.100351,
1.15,0.5,1,0.100351,
1.15,0.5,1,0.100351,
1.15,0.5,1,0.100351,
1.15,0.5,1,0.100351,
1.15,0.5,1,0.100351,
1.15,0.5,1,0.100351,
1.15,0.5,1,0.100351,
1.16,0.5,1,0.107301,
1.16,0.5,1,0.107301,
1.16,0.5,1,0.107301,
1.16,0.5,1,0.107301,
1.16,0.5,1,0.107301,
1.16,0.5,1,0.107301,
1.16,0.5,1,0.107301,
1.16,0.5,1,0.107301,
1.17,0.5,1,0.0571831,
1.17,0.5,1,0.0571831,
1.17,0.5,1,0.0571831,
1.17,0.5,1,0.0571831,
1.17,0.5,1,0.0571831,
1.17,0.5,1,0.0571831,
1.17,0.5,1,0.0571831,
1.17,0.5,1,0.0571831,
1.18,0.5,1,0.122479,
1.18,0.5,2,0.529884,0.556665,
1.18,0.5,1,0.122479,
1.18,0.5,1,0.364094,
1.18,0.5,1,0.122479,
1.18,0.5,1,0.364094,
1.18,0.5,1,0.364094,
1.18,0.5,1,0.364094,
1.19,0.5,1,0.124299,
1.19,0.5,1,0.124299,
1.19,0.5,1,0.365485,
1.19,0.5,2,0.528342,0.558533,
1.19,0.5,1,0.365485,
1.19,0.5,1,0.365485,
1.19,0.5,1,0.365485,
1.19,0.5,1,0.124299,
1.2,0.5,1,1.16901e-05,
1.2,0.5,1,1.12402e-05,
1.2,0.5,1,1.18929e-05,
1.2,0.5,1,1.15929e-05,
1.2,0.5,1,1.15292e-05,
1.2,0.5,1,1.17234e-05,
1.2,0.5,1,1.10428e-05,
1.2,0.5,1,1.14307e-05,
0.12,0.5,1,1.76846e-146,
0.12,0.5,1,1.32879e-146,
0.12,0.5,1,1.92949e-147,
0.12,0.5,1,2.76584e-147,
0.12,0.5,1,4.01919e-147,
0.12,0.5,1,2.68616e-146,
0.12,0.5,1,2.32921e-147,
0.12,0.5,1,2.15582e-147,
1.21,0.5,1,0.229198,
1.21,0.5,1,3.69896e-17,
1.21,0.5,1,0.229198,
1.21,0.5,1,0.229198,
1.21,0.5,1,0.229198,
1.21,0.5,1,1.23736e-16,
1.21,0.5,1,0.229198,
1.21,0.5,1,5.15801e-16,
1.22,0.5,2,0.336986,0.367147,
1.22,0.5,2,0.336986,0.367147,
1.22,0.5,2,0.336986,0.367147,
1.22,0.5,2,0.336986,0.367147,
1.22,0.5,1,0.161216,
1.22,0.5,2,0.336986,0.367147,
1.22,0.5,2,0.336986,0.367147,
1.22,0.5,2,0.336986,0.367147,
1.23,0.5,1,0.153785,
1.23,0.5,1,0.153785,
1.23,0.5,1,0.153785,
1.23,0.5,1,0.153785,
1.23,0.5,1,0.153785,
1.23,0.5,1,0.153785,
1.23,0.5,1,0.153785,
1.23,0.5,1,0.153785,
1.24,0.5,1,0.181301,
1.24,0.5,1,0.181308,
1.24,0.5,1,0.181308,
1.24,0.5,1,0.181301,
1.24,0.5,1,0.181301,
1.24,0.5,1,0.181308,
1.24,0.5,1,0.181308,
1.24,0.5,1,0.181308,
1.25,0.5,1,0.288019,
1.25,0.5,1,0.288019,
1.25,0.5,1,0.288019,
1.25,0.5,1,0.288019,
1.25,0.5,1,0.288019,
1.25,0.5,1,0.288019,
1.25,0.5,1,0.288019,
1.25,0.5,1,0.288019,
1.26,0.5,1,0.0881312,
1.26,0.5,1,0.184957,
1.26,0.5,1,0.184957,
1.26,0.5,1,0.184957,
1.26,0.5,1,0.184957,
1.26,0.5,1,0.184957,
1.26,0.5,1,0.184957,
1.26,0.5,1,0.0881312,
1.27,0.5,1,0.382416,
1.27,0.5,1,0.382416,
1.27,0.5,1,0.382416,
1.27,0.5,1,0.382416,
1.27,0.5,1,0.382416,
1.27,0.5,1,0.382416,
1.27,0.5,1,0.382416,
1.27,0.5,1,0.382416,
1.28,0.5,1,0.0340256,
1.28,0.5,1,0.0340256,
1.28,0.5,1,0.0340256,
1.28,0.5,1,0.0340256,
1.28,0.5,1,0.0340256,
1.28,0.5,1,0.0340256,
1.28,0.5,1,0.0340256,
1.28,0.5,1,0.0340256,
1.29,0.5,1,0.212745,
1.29,0.5,1,1.7381e-05,
1.29,0.5,1,0.212745,
1.29,0.5,1,0.212745,
1.29,0.5,1,0.212745,
1.29,0.5,1,0.212745,
1.29,0.5,1,0.212745,
1.29,0.5,1,0.212745,
1.3,0.5,1,0.22467,
1.3,0.5,1,0.22467,
1.3,0.5,1,0.22467,
1.3,0.5,1,0.22467,
1.3,0.5,1,0.22467,
1.3,0.5,1,0.22467,
1.3,0.5,1,0.22467,
1.3,0.5,1,0.22467,
0.13,0.5,1,1.40007e-141,
0.13,0.5,1,1.1788e-142,
0.13,0.5,1,1.03496e-142,
0.13,0.5,1,1.50745e-142,
0.13,0.5,1,1.26364e-142,
0.13,0.5,1,9.27577e-142,
0.13,0.5,1,2.16566e-142,
0.13,0.5,1,7.05909e-142,
1.31,0.5,1,0.117948,
1.31,0.5,1,0.117948,
1.31,0.5,1,0.117948,
1.31,0.5,1,0.117948,
1.31,0.5,1,0.117948,
1.31,0.5,1,0.117948,
1.31,0.5,1,0.117948,
1.31,0.5,1,0.117948,
1.32,0.5,1,0.303963,
1.32,0.5,1,0.303963,
1.32,0.5,1,0.388728,
1.32,0.5,1,0.388728,
1.32,0.5,1,0.47065,
1.32,0.5,1,0.47065,
1.32,0.5,1,0.303963,
1.32,0.5,1,0.303963,
1.33,0.5,1,0.201726,
1.33,0.5,1,0.201726,
1.33,0.5,1,0.201726,
1.33,0.5,1,0.201726,
1.33,0.5,1,0.201726,
1.33,0.5,1,0.201726,
1.33,0.5,1,0.201726,
1.33,0.5,1,0.201726,
1.34,0.5,1,0.164959,
1.34,0.5,1,0.164959,
1.34,0.5,1,0.164959,
1.34,0.5,1,0.164959,
1.34,0.5,1,0.164959,
1.34,0.5,1,0.164959,
1.34,0.5,1,0.164959,
1.34,0.5,1,0.164959,
1.35,0.5,1,0.274299,
1.35,0.5,1,0.173816,
1.35,0.5,1,0.274299,
1.35,0.5,1,0.274299,
1.35,0.5,1,0.274299,
1.35,0.5,1,0.274299,
1.35,0.5,1,0.173816,
1.35,0.5,1,0.173816,
1.36,0.5,1,0.165226,
1.36,0.5,1,0.165226,
1.36,0.5,1,0.165226,
1.36,0.5,1,0.165226,
1.36,0.5,1,0.165226,
1.36,0.5,1,0.165226,
1.36,0.5,1,0.165226,
1.36,0.5,1,0.165226,
1.37,0.5,1,0.166923,
1.37,0.5,1,0.166923,
1.37,0.5,1,0.166923,
1.37,0.5,1,0.166923,
1.37,0.5,1,0.166923,
1.37,0.5,1,0.166923,
1.37,0.5,1,0.166923,
1.37,0.5,1,0.166923,
1.38,0.5,1,0.3281,
1.38,0.5,1,0.3281,
1.38,0.5,1,0.3281,
1.38,0.5,1,0.3281,
1.38,0.5,1,0.3281,
1.38,0.5,1,0.3281,
1.38,0.5,1,0.3281,
1.38,0.5,1,0.3281,
1.39,0.5,1,0.257037,
1.39,0.5,1,0.257037,
1.39,0.5,1,0.257037,
1.39,0.5,1,0.257037,
1.39,0.5,1,0.257037,
1.39,0.5,1,0.257037,
1.39,0.5,1,0.257037,
1.39,0.5,1,0.257037,
1.4,0.5,2,0.323387,0.336431,
1.4,0.5,2,0.323387,0.336431,
1.4,0.5,2,0.323387,0.336431,
1.4,0.5,2,0.323387,0.336431,
1.4,0.5,1,0.445924,
1.4,0.5,2,0.323387,0.336431,
1.4,0.5,2,0.323387,0.336431,
1.4,0.5,2,0.323387,0.336431,
0.14,0.5,1,4.42425e-45,
0.14,0.5,1,5.41497e-45,
0.14,0.5,1,5.03635e-45,
0.14,0.5,1,5.65421e-45,
0.14,0.5,1,2.94251e-45,
0.14,0.5,1,7.79207e-45,
0.14,0.5,1,7.26334e-45,
0.14,0.5,1,4.07652e-45,
1.41,0.5,2,0.258064,0.278728,
1.41,0.5,2,0.258064,0.278728,
1.41,0.5,2,0.258064,0.278728,
1.41,0.5,2,0.258064,0.278728,
1.41,0.5,2,0.258064,0.278728,
1.41,0.5,2,0.258064,0.278728,
1.41,0.5,2,0.258064,0.278727,
1.41,0.5,2,0.258064,0.278728,
1.42,0.5,1,0.263843,
1.42,0.5,1,0.263843,
1.42,0.5,1,0.263843,
1.42,0.5,1,0.263843,
1.42,0.5,1,0.263843,
1.42,0.5,1,0.263843,
1.42,0.5,1,0.263843,
1.42,0.5,1,0.263843,
1.43,0.5,1,0.17579,
1.43,0.5,1,0.17579,
1.43,0.5,1,0.17579,
1.43,0.5,1,0.17579,
1.43,0.5,1,0.17579,
1.43,0.5,1,0.17579,
1.43,0.5,1,0.17579,
1.43,0.5,1,0.17579,
1.44,0.5,1,0.491168,
1.44,0.5,1,0.491168,
1.44,0.5,1,0.188578,
1.44,0.5,1,0.491168,
1.44,0.5,1,0.491168,
1.44,0.5,1,0.188578,
1.44,0.5,1,0.188578,
1.44,0.5,1,0.491168,
1.45,0.5,1,0.191522,
1.45,0.5,1,0.492472,
1.45,0.5,1,0.492472,
1.45,0.5,1,0.492472,
1.45,0.5,1,0.492472,
1.45,0.5,1,0.492472,
1.45,0.5,1,0.191522,
1.45,0.5,1,0.191522,
1.46,0.5,1,0.168398,
1.46,0.5,1,0.168398,
1.46,0.5,1,0.168398,
1.46,0.5,1,0.168398,
1.46,0.5,1,0.168398,
1.46,0.5,1,0.168398,
1.46,0.5,1,0.168398,
1.46,0.5,1,0.168398,
1.47,0.5,2,0.330036,0.388698,
1.47,0.5,2,0.330036,0.388698,
1.47,0.5,2,0.330036,0.388698,
1.47,0.5,2,0.330036,0.388698,
1.47,0.5,2,0.330036,0.388698,
1.47,0.5,2,0.330036,0.388698,
1.47,0.5,2,0.330036,0.388698,
1.47,0.5,2,0.330036,0.388698,
1.48,0.5,1,0.496315,
1.48,0.5,1,0.496315,
1.48,0.5,1,0.496315,
1.48,0.5,1,0.496315,
1.48,0.5,1,0.496315,
1.48,0.5,1,0.496315,
1.48,0.5,1,0.496315,
1.48,0.5,1,0.496315,
1.49,0.5,1,0.319962,
1.49,0.5,1,0.319962,
1.49,0.5,1,0.319962,
1.49,0.5,1,0.319962,
1.49,0.5,1,0.319962,
1.49,0.5,1,0.319962,
1.49,0.5,1,0.319962,
1.49,0.5,1,0.319962,
1.5,0.5,2,0.27869,0.302288,
1.5,0.5,2,0.27869,0.302288,
1.5,0.5,2,0.27869,0.302288,
1.5,0.5,2,0.27869,0.302288,
1.5,0.5,2,0.27869,0.302288,
1.5,0.5,2,0.27869,0.302288,
1.5,0.5,2,0.27869,0.302288,
1.5,0.5,2,0.27869,0.302288,
0.15,0.5,1,2.09024e-72,
0.15,0.5,1,3.90357e-72,
0.15,0.5,1,2.81113e-72,
0.15,0.5,1,3.56988e-72,
0.15,0.5,1,3.97151e-72,
0.15,0.5,1,2.84159e-72,
0.15,0.5,1,3.61118e-72,
0.15,0.5,1,3.80032e-72,
1.51,0.5,2,0.29707,0.356351,
1.51,0.5,2,0.29707,0.356351,
1.51,0.5,2,0.29707,0.356351,
1.51,0.5,2,0.29707,0.356351,
1.51,0.5,2,0.29707,0.356351,
1.51,0.5,2,0.29707,0.356351,
1.51,0.5,2,0.29707,0.356351,
1.51,0.5,2,0.29707,0.356351,
1.52,0.5,1,0.131425,
1.52,0.5,1,0.131425,
1.52,0.5,1,0.131425,
1.52,0.5,1,0.131425,
1.52,0.5,1,0.131425,
1.52,0.5,1,0.131425,
1.52,0.5,1,0.131425,
1.52,0.5,1,0.131425,
1.53,0.5,1,0.367689,
1.53,0.5,1,0.367689,
1.53,0.5,1,0.367689,
1.53,0.5,1,0.367689,
1.53,0.5,1,0.367689,
1.53,0.5,1,0.367689,
1.53,0.5,1,0.367689,
1.53,0.5,1,0.367689,
1.54,0.5,1,0.22161,
1.54,0.5,1,0.22161,
1.54,0.5,1,0.22161,
1.54,0.5,1,0.22161,
1.54,0.5,16,0.496712,0.51889,0.506236,0.522619,0.497908,0.520215,0.503422,0.523115,0.496712,0.51889,0.506237,0.522619,0.497909,0.520216,0.50342,0.523115,
1.54,0.5,1,0.22161,
1.54,0.5,1,0.22161,
1.54,0.5,1,0.22161,
1.55,0.5,1,0.119371,
1.55,0.5,1,0.119371,
1.55,0.5,1,0.119371,
1.55,0.5,1,0.119371,
1.55,0.5,1,0.119371,
1.55,0.5,1,0.119371,
1.55,0.5,1,0.119371,
1.55,0.5,1,0.119371,
1.56,0.5,1,0.120765,
1.56,0.5,1,0.120765,
1.56,0.5,1,0.120765,
1.56,0.5,1,0.120765,
1.56,0.5,1,0.120765,
1.56,0.5,1,0.120765,
1.56,0.5,1,0.120765,
1.56,0.5,1,0.120765,
1.57,0.5,1,0.242155,
1.57,0.5,1,0.242155,
1.57,0.5,1,0.242155,
1.57,0.5,1,0.242155,
1.57,0.5,1,0.242155,
1.57,0.5,1,0.242155,
1.57,0.5,1,0.242155,
1.57,0.5,1,0.242155,
1.58,0.5,30,0.504276,0.546768,0.589487,0.52243,0.560634,0.59462,0.50754,0.549477,0.592276,0.514081,0.554333,0.595437,0.505377,0.54771,0.590522,0.519269,0.558112,0.595709,0.50467,0.547109,0.589869,0.521256,0.559667,0.595165,0.506091,0.548305,0.591142,0.517409,0.556726,0.595863,
1.58,0.5,30,0.504276,0.546768,0.589487,0.52243,0.560634,0.59462,0.50754,0.549477,0.592276,0.514081,0.554333,0.595437,0.505377,0.54771,0.590522,0.519269,0.558112,0.595709,0.50467,0.547109,0.589869,0.521256,0.559667,0.595165,0.506091,0.548305,0.591142,0.517409,0.556726,0.595863,
1.58,0.5,30,0.504276,0.546768,0.589487,0.52243,0.560634,0.59462,0.50754,0.549477,0.592276,0.514081,0.554333,0.595437,0.505377,0.54771,0.590522,0.519269,0.558112,0.595709,0.50467,0.547109,0.589869,0.521256,0.559667,0.595165,0.506091,0.548305,0.591142,0.517409,0.556726,0.595863,
1.58,0.5,30,0.504276,0.546768,0.589487,0.52243,0.560634,0.59462,0.50754,0.549477,0.592276,0.514081,0.554333,0.595437,0.505377,0.54771,0.590522,0.519269,0.558112,0.595709,0.50467,0.547109,0.589869,0.521256,0.559667,0.595165,0.506091,0.548305,0.591142,0.517409,0.556726,0.595863,
1.58,0.5,30,0.514081,0.554333,0.505377,0.54771,0.590522,0.519269,0.558112,0.595437,0.50467,0.547109,0.589869,0.521256,0.559667,0.595165,0.506091,0.548305,0.591142,0.517409,0.556726,0.595709,0.504276,0.546768,0.589487,0.52243,0.560634,0.59462,0.50754,0.549477,0.592276,0.595863,
1.58,0.5,30,0.504276,0.546768,0.589487,0.52243,0.560634,0.59462,0.50754,0.549477,0.592276,0.514081,0.554333,0.595437,0.505377,0.54771,0.590522,0.519269,0.558112,0.595709,0.50467,0.547109,0.589869,0.521256,0.559667,0.595165,0.506091,0.548305,0.591142,0.517409,0.556726,0.595863,
1.58,0.5,30,0.504276,0.546768,0.589487,0.52243,0.560634,0.59462,0.50754,0.549477,0.592276,0.514081,0.554333,0.595437,0.505377,0.54771,0.590522,0.519269,0.558112,0.595709,0.50467,0.547109,0.589869,0.521256,0.559667,0.595165,0.506091,0.548305,0.591142,0.517409,0.556726,0.595863,
1.59,0.5,1,0.28204,
1.59,0.5,1,0.28204,
1.59,0.5,1,0.28204,
1.59,0.5,1,0.28204,
1.59,0.5,1,0.28204,
1.59,0.5,1,0.28204,
1.59,0.5,1,0.28204,
1.59,0.5,1,0.28204,
1.6,0.5,1,0.242614,
1.6,0.5,1,0.242614,
1.6,0.5,1,0.242614,
1.6,0.5,1,0.242614,
1.6,0.5,1,0.242614,
1.6,0.5,1,0.242614,
1.6,0.5,1,0.242614,
1.6,0.5,1,0.242614,
0.16,0.5,1,1.46892e-69,
0.16,0.5,1,8.19806e-70,
0.16,0.5,1,1.11001e-69,
0.16,0.5,1,1.51222e-69,
0.16,0.5,1,1.119e-69,
0.16,0.5,1,1.39294e-69,
0.16,0.5,1,1.39972e-69,
0.16,0.5,1,1.54055e-69,
1.61,0.5,1,0.197492,
1.61,0.5,1,0.197492,
1.61,0.5,1,0.197492,
1.61,0.5,1,0.197492,
1.61,0.5,1,0.197492,
1.61,0.5,1,0.197492,
1.61,0.5,1,0.197492,
1.61,0.5,1,0.197492,
1.62,0.5,1,0.33066,
1.62,0.5,1,0.33066,
1.62,0.5,1,0.33066,
1.62,0.5,1,0.398527,
1.62,0.5,1,0.33066,
1.62,0.5,1,0.398527,
1.62,0.5,4,0.488447,0.499069,0.531578,0.536855,
1.62,0.5,4,0.499069,0.488447,0.531578,0.536855,
1.63,0.5,1,0.521947,
1.63,0.5,1,0.521947,
1.63,0.5,1,0.521947,
1.63,0.5,1,0.521947,
1.63,0.5,1,0.521947,
1.63,0.5,1,0.521947,
1.63,0.5,1,0.521947,
1.63,0.5,1,0.521947,
1.64,0.5,1,0.523439,
1.64,0.5,1,0.523439,
1.64,0.5,1,0.523439,
1.64,0.5,1,0.523439,
1.64,0.5,1,0.523439,
1.64,0.5,1,0.523439,
1.64,0.5,1,0.523439,
1.64,0.5,1,0.523439,
1.66,0.5,1,0.244717,
1.66,0.5,1,0.244717,
1.66,0.5,1,0.244717,
1.66,0.5,1,0.244717,
1.66,0.5,1,0.244717,
1.66,0.5,1,0.244717,
1.66,0.5,1,0.244717,
1.66,0.5,1,0.244717,
1.67,0.5,2,0.45192,0.509796,
1.67,0.5,2,0.45192,0.509796,
1.67,0.5,2,0.45192,0.509796,
1.67,0.5,2,0.45192,0.509796,
1.67,0.5,2,0.45192,0.509796,
1.67,0.5,2,0.45192,0.509796,
1.67,0.5,2,0.45192,0.509796,
1.67,0.5,2,0.45192,0.509796,
1.68,0.5,2,0.505689,0.542283,
1.68,0.5,2,0.505689,0.542283,
1.68,0.5,2,0.505689,0.542283,
1.68,0.5,2,0.505689,0.542283,
1.68,0.5,2,0.505689,0.542283,
1.68,0.5,2,0.505689,0.542283,
1.68,0.5,2,0.505689,0.542283,
1.68,0.5,2,0.505689,0.542283,
1.69,0.5,1,0.392496,
1.69,0.5,1,0.262768,
1.69,0.5,1,0.392496,
1.69,0.5,1,0.262768,
1.69,0.5,1,0.262768,
1.69,0.5,1,0.262768,
1.69,0.5,1,0.262768,
1.69,0.5,1,0.262768,
1.7,0.5,2,0.535986,0.552903,
1.7,0.5,2,0.535986,0.552903,
1.7,0.5,2,0.5361,0.552818,
1.7,0.5,2,0.5361,0.552819,
1.7,0.5,2,0.5361,0.552818,
1.7,0.5,2,0.5361,0.552819,
1.7,0.5,2,0.5361,0.552818,
0.17,0.5,1,4.67645e-47,
0.17,0.5,1,6.94934e-47,
0.17,0.5,1,4.91123e-47,
0.17,0.5,1,7.38275e-47,
0.17,0.5,1,4.79484e-47,
0.17,0.5,1,6.82467e-47,
0.17,0.5,1,5.28835e-47,
0.17,0.5,1,6.65195e-47,
1.71,0.5,1,0.268685,
1.71,0.5,1,0.268685,
1.71,0.5,1,0.268685,
1.71,0.5,1,0.268685,
1.71,0.5,1,0.268685,
1.71,0.5,1,0.395179,
1.71,0.5,1,0.395179,
1.71,0.5,1,0.268685,
1.72,0.5,2,0.51642,0.567162,
1.72,0.5,2,0.51642,0.567162,
1.72,0.5,2,0.51642,0.567162,
1.72,0.5,2,0.51642,0.567162,
1.72,0.5,2,0.51642,0.567162,
1.72,0.5,2,0.51642,0.567162,
1.72,0.5,2,0.51642,0.567162,
1.72,0.5,2,0.51642,0.567162,
1.73,0.5,2,0.404322,0.427153,
1.73,0.5,2,0.404322,0.427153,
1.73,0.5,2,0.404322,0.427153,
1.73,0.5,2,0.404322,0.427153,
1.73,0.5,2,0.404322,0.427153,
1.73,0.5,2,0.404322,0.427153,
1.73,0.5,2,0.404322,0.427153,
1.73,0.5,2,0.404322,0.427153,
1.74,0.5,7,0.463674,0.620748,0.505065,0.589861,0.600955,0.563397,0.644296,
1.75,0.5,2,0.409608,0.422664,
1.75,0.5,2,0.409608,0.422664,
1.75,0.5,2,0.409608,0.422664,
1.75,0.5,2,0.409608,0.422664,
1.75,0.5,2,0.409608,0.422664,
1.75,0.5,2,0.409608,0.422664,
1.75,0.5,2,0.409608,0.422664,
1.75,0.5,2,0.409608,0.422664,
1.76,0.5,1,0.462931,
1.76,0.5,1,0.462931,
1.76,0.5,1,0.462931,
1.76,0.5,1,0.462931,
1.76,0.5,1,0.462931,
1.76,0.5,1,0.462931,
1.76,0.5,1,0.462931,
1.76,0.5,1,0.462931,
1.77,0.5,1,0.464674,
1.77,0.5,1,0.464674,
1.77,0.5,1,0.464674,
1.77,0.5,1,0.464674,
1.77,0.5,1,0.464674,
1.77,0.5,1,0.464674,
1.77,0.5,1,0.464674,
1.77,0.5,1,0.464674,
1.78,0.5,1,0.449824,
1.78,0.5,1,0.449824,
1.78,0.5,1,0.449824,
1.78,0.5,1,0.449824,
1.78,0.5,1,0.449824,
1.78,0.5,1,0.449824,
1.78,0.5,1,0.449824,
1.78,0.5,1,0.449824,
1.79,0.5,1,0.37462,
1.79,0.5,1,0.37462,
1.79,0.5,1,0.37462,
1.79,0.5,1,0.37462,
1.79,0.5,1,0.37462,
1.79,0.5,1,0.37462,
1.79,0.5,1,0.37462,
1.79,0.5,1,0.37462,
1.8,0.5,1,0.544732,
1.8,0.5,1,0.544732,
1.8,0.5,1,0.544732,
1.8,0.5,1,0.544732,
1.8,0.5,1,0.544732,
1.8,0.5,1,0.544732,
1.8,0.5,1,0.544732,
1.8,0.5,1,0.544732,
0.18,0.5,1,4.49813e-45,
0.18,0.5,1,3.97088e-45,
0.18,0.5,1,4.13197e-45,
0.18,0.5,1,5.91837e-45,
0.18,0.5,1,5.6652e-45,
0.18,0.5,1,5.79975e-45,
0.18,0.5,1,6.29027e-45,
0.18,0.5,1,4.06919e-45,
1.81,0.5,1,0.342147,
1.81,0.5,1,0.342147,
1.81,0.5,1,0.342147,
1.81,0.5,1,0.342147,
1.81,0.5,1,0.342147,
1.81,0.5,1,0.342147,
1.81,0.5,1,0.342147,
1.81,0.5,1,0.342147,
1.82,0.5,1,0.434422,
1.82,0.5,1,0.434422,
1.82,0.5,1,0.434422,
1.82,0.5,1,0.434422,
1.82,0.5,1,0.434422,
1.82,0.5,1,0.434422,
1.82,0.5,1,0.434422,
1.82,0.5,1,0.434422,
1.83,0.5,1,0.434523,
1.83,0.5,1,0.434523,
1.83,0.5,1,0.434523,
1.83,0.5,1,0.434523,
1.83,0.5,1,0.434523,
1.83,0.5,1,0.434523,
1.83,0.5,1,0.434523,
1.83,0.5,1,0.434523,
1.84,0.5,1,0.286369,
1.84,0.5,1,0.286369,
1.84,0.5,1,0.286369,
1.84,0.5,4,0.496649,0.496651,0.578013,0.578014,
1.84,0.5,4,0.496652,0.496648,0.578013,0.578014,
1.84,0.5,4,0.496648,0.496652,0.578013,0.578014,
1.84,0.5,1,0.286369,
1.84,0.5,4,0.496652,0.496649,0.578013,0.578014,
1.85,0.5,1,0.529239,
1.85,0.5,1,0.529239,
1.85,0.5,1,0.529239,
1.85,0.5,1,0.529239,
1.85,0.5,1,0.529239,
1.85,0.5,1,0.529239,
1.85,0.5,1,0.529239,
1.85,0.5,1,0.529239,
1.86,0.5,2,0.523718,0.539085,
1.86,0.5,2,0.52376,0.539045,
1.86,0.5,2,0.523719,0.539086,
1.86,0.5,2,0.52376,0.539044,
1.86,0.5,2,0.523719,0.539086,
1.86,0.5,2,0.523718,0.539086,
1.86,0.5,2,0.523719,0.539086,
1.86,0.5,2,0.523719,0.539086,
1.87,0.5,1,0.313121,
1.87,0.5,1,0.313121,
1.87,0.5,1,0.313121,
1.87,0.5,1,0.313121,
1.87,0.5,1,0.313121,
1.87,0.5,1,0.313121,
1.87,0.5,1,0.313121,
1.87,0.5,1,0.313121,
1.88,0.5,1,0.522788,
1.88,0.5,1,0.522788,
1.88,0.5,1,0.522788,
1.88,0.5,1,0.522788,
1.88,0.5,1,0.522788,
1.88,0.5,1,0.522788,
1.88,0.5,1,0.522788,
1.88,0.5,1,0.522788,
1.89,0.5,1,0.540494,
1.89,0.5,1,0.540494,
1.89,0.5,1,0.540494,
1.89,0.5,1,0.540494,
1.89,0.5,1,0.540494,
1.89,0.5,1,0.540494,
1.89,0.5,1,0.540494,
1.89,0.5,1,0.540494,
1.9,0.5,1,0.395265,
1.9,0.5,1,0.395265,
1.9,0.5,1,0.395265,
1.9,0.5,1,0.395265,
1.9,0.5,1,0.395265,
1.9,0.5,1,0.395265,
1.9,0.5,1,0.395265,
1.9,0.5,1,0.395265,
0.19,0.5,1,2.64965e-43,
0.19,0.5,1,2.73347e-43,
0.19,0.5,1,3.00737e-43,
0.19,0.5,1,4.2103e-43,
0.19,0.5,1,2.714e-43,
0.19,0.5,1,3.79249e-43,
0.19,0.5,1,3.874e-43,
0.19,0.5,1,3.96111e-43,
1.91,0.5,1,0.543052,
1.91,0.5,2,0.50715,0.571086,
1.91,0.5,2,0.50715,0.571086,
1.91,0.5,2,0.50715,0.571086,
1.91,0.5,2,0.50715,0.571086,
1.91,0.5,1,0.543052,
1.91,0.5,2,0.50715,0.571086,
1.91,0.5,2,0.50715,0.571086,
1.92,0.5,2,0.401674,0.436885,
1.92,0.5,2,0.401674,0.436885,
1.92,0.5,2,0.401674,0.436885,
1.92,0.5,2,0.401674,0.436885,
1.92,0.5,2,0.401674,0.436885,
1.92,0.5,2,0.401674,0.436885,
1.92,0.5,2,0.401674,0.436885,
1.92,0.5,2,0.401674,0.436885,
1.93,0.5,1,0.398903,
1.93,0.5,1,0.398903,
1.93,0.5,1,0.398903,
1.93,0.5,1,0.398903,
1.93,0.5,1,0.398903,
1.93,0.5,1,0.398903,
1.93,0.5,1,0.398903,
1.93,0.5,1,0.398903,
1.94,0.5,1,0.331939,
1.94,0.5,1,0.331939,
1.94,0.5,1,0.331939,
1.94,0.5,1,0.331939,
1.94,0.5,1,0.331939,
1.94,0.5,1,0.331939,
1.94,0.5,1,0.331939,
1.94,0.5,1,0.331939,
1.95,0.5,1,0.31647,
1.95,0.5,1,0.31647,
1.95,0.5,1,0.31647,
1.95,0.5,1,0.31647,
1.95,0.5,1,0.457256,
1.95,0.5,1,0.31647,
1.95,0.5,1,0.31647,
1.95,0.5,1,0.31647,
1.96,0.5,1,0.336542,
1.96,0.5,1,0.336542,
1.96,0.5,1,0.336542,
1.96,0.5,1,0.336542,
1.96,0.5,1,0.336542,
1.96,0.5,1,0.336542,
1.96,0.5,1,0.336542,
1.96,0.5,1,0.336542,
1.97,0.5,1,0.531499,
1.97,0.5,1,0.531499,
1.97,0.5,1,0.531499,
1.97,0.5,1,0.531499,
1.97,0.5,1,0.531499,
1.97,0.5,1,0.531499,
1.97,0.5,1,0.531499,
1.97,0.5,1,0.531499,
1.98,0.5,1,0.398842,
1.98,0.5,1,0.398842,
1.98,0.5,1,0.398842,
1.98,0.5,1,0.398842,
1.98,0.5,1,0.398842,
1.98,0.5,1,0.398842,
1.98,0.5,1,0.398842,
1.98,0.5,1,0.398842,
1.99,0.5,1,0.536948,
1.99,0.5,1,0.536948,
1.99,0.5,1,0.536948,
1.99,0.5,1,0.536948,
1.99,0.5,1,0.536948,
1.99,0.5,1,0.536948,
1.99,0.5,1,0.536948,
1.99,0.5,1,0.536948,
2,0.5,1,0.351735,
2,0.5,1,0.351735,
2,0.5,1,0.351735,
2,0.5,1,0.351735,
2,0.5,1,0.351735,
2,0.5,1,0.351735,
2,0.5,1,0.351735,
2,0.5,1,0.351735,
0.2,0.5,1,5.48087e-74,
0.2,0.5,1,2.75228e-73,
0.2,0.5,1,8.48559e-74,
0.2,0.5,1,2.6433e-73,
0.2,0.5,1,7.68515e-74,
0.2,0.5,1,1.97024e-73,
0.2,0.5,1,5.33661e-74,
0.2,0.5,1,3.23451e-73,
0.02,0.5,1,4.48916e-209,
0.02,0.5,1,7.41825e-209,
0.02,0.5,1,2.58483e-209,
0.02,0.5,1,1.85792e-208,
0.02,0.5,1,4.00065e-209,
0.02,0.5,1,4.89016e-208,
0.02,0.5,1,3.78243e-209,
0.02,0.5,1,3.09776e-208,
2.01,0.5,1,0.40474,
2.01,0.5,1,0.40474,
2.01,0.5,1,0.40474,
2.01,0.5,1,0.40474,
2.01,0.5,1,0.40474,
2.01,0.5,1,0.40474,
2.01,0.5,1,0.40474,
2.01,0.5,1,0.40474,
2.02,0.5,1,0.406592,
2.02,0.5,1,0.406592,
2.02,0.5,1,0.406592,
2.02,0.5,1,0.406592,
2.02,0.5,1,0.406592,
2.02,0.5,1,0.406592,
2.02,0.5,1,0.406592,
2.02,0.5,1,0.406592,
2.03,0.5,2,0.553409,0.572981,
2.03,0.5,2,0.553409,0.572981,
2.03,0.5,2,0.553412,0.57298,
2.03,0.5,2,0.553409,0.572981,
2.03,0.5,2,0.553409,0.572981,
2.03,0.5,2,0.553409,0.572981,
2.03,0.5,2,0.553409,0.572981,
2.03,0.5,2,0.553409,0.572981,
2.04,0.5,2,0.533215,0.565215,
2.04,0.5,2,0.533215,0.565215,
2.04,0.5,2,0.533215,0.565215,
2.04,0.5,2,0.533215,0.565215,
2.04,0.5,2,0.533215,0.565215,
2.04,0.5,2,0.533215,0.565215,
2.04,0.5,2,0.533215,0.565215,
2.04,0.5,2,0.533215,0.565215,
2.05,0.5,1,0.474595,
2.05,0.5,1,0.474595,
2.05,0.5,1,0.474595,
2.05,0.5,1,0.474595,
2.05,0.5,1,0.474595,
2.05,0.5,1,0.474595,
2.05,0.5,1,0.474595,
2.05,0.5,1,0.474595,
2.06,0.5,2,0.54117,0.583384,
2.06,0.5,2,0.54117,0.583384,
2.06,0.5,2,0.54117,0.583384,
2.06,0.5,2,0.54117,0.583384,
2.06,0.5,2,0.54117,0.583384,
2.06,0.5,2,0.54117,0.583384,
2.06,0.5,2,0.54117,0.583384,
2.06,0.5,2,0.54117,0.583384,
2.07,0.5,2,0.537465,0.586178,
2.07,0.5,2,0.537465,0.586178,
2.07,0.5,2,0.537465,0.586178,
2.07,0.5,2,0.537465,0.586178,
2.07,0.5,2,0.537465,0.586178,
2.07,0.5,2,0.537465,0.586178,
2.07,0.5,2,0.537465,0.586178,
2.07,0.5,2,0.537465,0.586178,
2.08,0.5,2,0.514344,0.578306,
2.08,0.5,2,0.514344,0.578306,
2.08,0.5,2,0.514344,0.578306,
2.08,0.5,2,0.514344,0.578306,
2.08,0.5,2,0.514344,0.578306,
2.08,0.5,2,0.514344,0.578306,
2.08,0.5,2,0.514344,0.578306,
2.08,0.5,2,0.514344,0.578306,
2.09,0.5,1,0.483654,
2.09,0.5,1,0.483654,
2.09,0.5,1,0.483654,
2.09,0.5,1,0.483654,
2.09,0.5,1,0.483654,
2.09,0.5,1,0.483654,
2.09,0.5,1,0.483654,
2.09,0.5,1,0.483654,
2.1,0.5,1,0.539285,
2.1,0.5,1,0.539285,
2.1,0.5,1,0.539285,
2.1,0.5,1,0.539285,
2.1,0.5,1,0.539285,
2.1,0.5,1,0.539285,
2.1,0.5,1,0.539285,
2.1,0.5,1,0.539285,
0.21,0.5,1,6.39517e-40,
0.21,0.5,1,9.46026e-40,
0.21,0.5,1,6.29802e-40,
0.21,0.5,1,7.1803e-40,
0.21,0.5,1,9.06735e-40,
0.21,0.5,1,9.22081e-40,
0.21,0.5,1,1.00463e-39,
0.21,0.5,1,6.44643e-40,
2.11,0.5,2,0.46236,0.620467,
2.11,0.5,2,0.46236,0.620467,
2.11,0.5,2,0.46236,0.620467,
2.11,0.5,2,0.46236,0.620467,
2.11,0.5,2,0.46236,0.620467,
2.11,0.5,2,0.46236,0.620467,
2.11,0.5,2,0.46236,0.620467,
2.11,0.5,2,0.46236,0.620467,
2.12,0.5,1,0.512857,
2.12,0.5,1,0.512857,
2.12,0.5,1,0.512857,
2.12,0.5,1,0.512857,
2.12,0.5,1,0.512857,
2.12,0.5,1,0.512857,
2.12,0.5,1,0.512857,
2.12,0.5,1,0.512857,
2.13,0.5,1,0.471924,
2.13,0.5,1,0.471924,
2.13,0.5,1,0.471924,
2.13,0.5,1,0.471924,
2.13,0.5,1,0.471924,
2.13,0.5,1,0.471924,
2.13,0.5,1,0.471924,
2.13,0.5,1,0.471924,
2.14,0.5,1,0.518263,
2.14,0.5,1,0.518263,
2.14,0.5,1,0.518263,
2.14,0.5,1,0.518263,
2.14,0.5,1,0.518263,
2.14,0.5,1,0.518263,
2.14,0.5,1,0.518263,
2.14,0.5,1,0.518263,
2.15,0.5,2,0.488043,0.696466,
2.15,0.5,2,0.488043,0.696466,
2.15,0.5,2,0.488043,0.696466,
2.15,0.5,2,0.488043,0.696466,
2.15,0.5,2,0.488043,0.696466,
2.15,0.5,2,0.488043,0.696466,
2.15,0.5,2,0.488043,0.696466,
2.15,0.5,2,0.488043,0.696466,
2.16,0.5,1,0.578815,
2.16,0.5,1,0.578815,
2.16,0.5,1,0.578815,
2.16,0.5,1,0.578815,
2.16,0.5,1,0.578815,
2.16,0.5,1,0.578815,
2.16,0.5,1,0.578815,
2.16,0.5,1,0.578815,
2.17,0.5,2,0.488829,0.700842,
2.17,0.5,2,0.488829,0.700842,
2.17,0.5,2,0.488829,0.700842,
2.17,0.5,2,0.611274,0.611303,
2.17,0.5,2,0.488829,0.700842,
2.17,0.5,2,0.488829,0.700842,
2.17,0.5,2,0.488829,0.700842,
2.17,0.5,2,0.488829,0.700842,
2.18,0.5,1,0.581556,
2.18,0.5,1,0.581556,
2.18,0.5,1,0.581556,
2.18,0.5,1,0.581556,
2.18,0.5,1,0.581556,
2.18,0.5,1,0.581556,
2.18,0.5,1,0.581556,
2.18,0.5,1,0.581556,
2.19,0.5,1,0.532293,
2.19,0.5,1,0.532293,
2.19,0.5,1,0.532293,
2.19,0.5,1,0.532293,
2.19,0.5,1,0.532293,
2.19,0.5,1,0.532293,
2.19,0.5,1,0.532293,
2.19,0.5,1,0.532293,
2.2,0.5,1,0.5346,
2.2,0.5,1,0.5346,
2.2,0.5,1,0.5346,
2.2,0.5,1,0.5346,
2.2,0.5,1,0.5346,
2.2,0.5,1,0.5346,
2.2,0.5,1,0.5346,
2.2,0.5,1,0.5346,
0.22,0.5,1,6.59431e-40,
0.22,0.5,1,1.03076e-39,
0.22,0.5,1,1.19041e-39,
0.22,0.5,1,1.3067e-39,
0.22,0.5,1,1.17918e-39,
0.22,0.5,1,1.24281e-39,
0.22,0.5,1,1.2198e-39,
0.22,0.5,1,1.117e-39,
2.21,0.5,1,0.50557,
2.21,0.5,1,0.50557,
2.21,0.5,1,0.50557,
2.21,0.5,1,0.50557,
2.21,0.5,1,0.50557,
2.21,0.5,1,0.50557,
2.21,0.5,1,0.50557,
2.21,0.5,1,0.50557,
2.22,0.5,1,0.507266,
2.22,0.5,1,0.507266,
2.22,0.5,1,0.507266,
2.22,0.5,1,0.507266,
2.22,0.5,1,0.507266,
2.22,0.5,1,0.507266,
2.22,0.5,1,0.507266,
2.22,0.5,1,0.507266,
2.23,0.5,1,0.613367,
2.23,0.5,1,0.613367,
2.23,0.5,1,0.613367,
2.23,0.5,1,0.613367,
2.23,0.5,1,0.613367,
2.23,0.5,1,0.613367,
2.23,0.5,1,0.613367,
2.23,0.5,1,0.613367,
2.24,0.5,2,0.530693,0.622216,
2.24,0.5,2,0.530693,0.622216,
2.24,0.5,2,0.530693,0.622216,
2.24,0.5,2,0.530693,0.622216,
2.24,0.5,2,0.530693,0.622216,
2.24,0.5,2,0.530693,0.622216,
2.24,0.5,2,0.530693,0.622216,
2.24,0.5,2,0.530693,0.622216,
2.25,0.5,2,0.531454,0.624615,
2.25,0.5,2,0.531454,0.624615,
2.25,0.5,2,0.531454,0.624615,
2.25,0.5,2,0.531454,0.624615,
2.25,0.5,2,0.531454,0.624615,
2.25,0.5,2,0.531454,0.624615,
2.25,0.5,2,0.531454,0.624615,
2.25,0.5,2,0.531454,0.624615,
2.26,0.5,1,0.469994,
2.26,0.5,1,0.469994,
2.26,0.5,1,0.469994,
2.26,0.5,1,0.469994,
2.26,0.5,1,0.469994,
2.26,0.5,1,0.469994,
2.26,0.5,1,0.469994,
2.26,0.5,1,0.469994,
2.27,0.5,2,0.504185,0.521941,
2.27,0.5,2,0.504185,0.521941,
2.27,0.5,2,0.504185,0.521941,
2.27,0.5,2,0.504185,0.521941,
2.27,0.5,2,0.504185,0.521941,
2.27,0.5,2,0.504185,0.521941,
2.27,0.5,2,0.504185,0.521941,
2.27,0.5,2,0.504185,0.521941,
2.28,0.5,1,0.475035,
2.28,0.5,1,0.475035,
2.28,0.5,1,0.475035,
2.28,0.5,1,0.475035,
2.28,0.5,1,0.475035,
2.28,0.5,1,0.475035,
2.28,0.5,1,0.475035,
2.28,0.5,1,0.475035,
2.29,0.5,2,0.500804,0.52784,
2.29,0.5,2,0.500804,0.52784,
2.29,0.5,2,0.500804,0.52784,
2.29,0.5,2,0.500804,0.52784,
2.29,0.5,2,0.500804,0.52784,
2.29,0.5,2,0.500804,0.52784,
2.29,0.5,2,0.500804,0.52784,
2.29,0.5,2,0.500804,0.52784,
2.3,0.5,2,0.494702,0.520929,
2.3,0.5,2,0.494702,0.520929,
2.3,0.5,2,0.494702,0.520929,
2.3,0.5,2,0.494702,0.520929,
2.3,0.5,2,0.494702,0.520929,
2.3,0.5,2,0.494702,0.520929,
2.3,0.5,2,0.494702,0.520929,
2.3,0.5,2,0.494702,0.520929,
0.23,0.5,1,7.38905e-80,
0.23,0.5,1,9.56482e-80,
0.23,0.5,1,2.69869e-80,
0.23,0.5,1,1.542e-79,
0.23,0.5,1,6.60168e-80,
0.23,0.5,1,9.02403e-80,
0.23,0.5,1,7.7943e-80,
0.23,0.5,1,9.83648e-80,
2.31,0.5,1,0.518537,
2.31,0.5,1,0.518537,
2.31,0.5,1,0.518537,
2.31,0.5,1,0.518537,
2.31,0.5,1,0.518537,
2.31,0.5,1,0.518537,
2.31,0.5,1,0.518537,
2.31,0.5,1,0.518537,
2.32,0.5,1,0.522558,
2.32,0.5,1,0.522558,
2.32,0.5,1,0.522558,
2.32,0.5,1,0.522558,
2.32,0.5,1,0.522558,
2.32,0.5,1,0.522558,
2.32,0.5,1,0.522558,
2.32,0.5,1,0.522558,
2.33,0.5,2,0.540132,0.621911,
2.33,0.5,2,0.540132,0.621911,
2.33,0.5,2,0.540132,0.621911,
2.33,0.5,2,0.540132,0.621911,
2.33,0.5,2,0.540132,0.621911,
2.33,0.5,2,0.540132,0.621911,
2.33,0.5,2,0.540132,0.621911,
2.33,0.5,2,0.540132,0.621911,
2.34,0.5,1,0.537906,
2.34,0.5,1,0.537905,
2.34,0.5,1,0.537905,
2.34,0.5,1,0.537906,
2.34,0.5,1,0.537905,
2.34,0.5,1,0.537905,
2.34,0.5,1,0.537905,
2.34,0.5,1,0.537907,
2.35,0.5,2,0.489136,0.533489,
2.35,0.5,2,0.489136,0.533489,
2.35,0.5,2,0.489136,0.533489,
2.35,0.5,2,0.489136,0.533489,
2.35,0.5,2,0.489136,0.533489,
2.35,0.5,2,0.489136,0.533489,
2.35,0.5,2,0.489136,0.533489,
2.35,0.5,2,0.489136,0.533489,
2.36,0.5,1,0.596274,
2.36,0.5,1,0.596274,
2.36,0.5,1,0.596274,
2.36,0.5,1,0.596274,
2.36,0.5,1,0.596274,
2.36,0.5,1,0.596274,
2.36,0.5,1,0.596274,
2.36,0.5,1,0.596274,
2.37,0.5,1,0.571712,
2.37,0.5,1,0.571712,
2.37,0.5,1,0.571712,
2.37,0.5,1,0.571712,
2.37,0.5,1,0.571712,
2.37,0.5,1,0.571712,
2.37,0.5,1,0.571712,
2.37,0.5,1,0.571712,
2.38,0.5,1,0.508487,
2.38,0.5,1,0.508487,
2.38,0.5,1,0.508487,
2.38,0.5,1,0.508487,
2.38,0.5,1,0.508487,
2.38,0.5,1,0.508487,
2.38,0.5,1,0.508487,
2.38,0.5,1,0.508487,
2.39,0.5,1,0.588292,
2.39,0.5,1,0.588292,
2.39,0.5,1,0.588292,
2.39,0.5,1,0.588292,
2.39,0.5,1,0.588292,
2.39,0.5,1,0.588292,
2.39,0.5,1,0.588292,
2.39,0.5,1,0.588292,
2.4,0.5,1,0.58988,
2.4,0.5,1,0.58988,
2.4,0.5,1,0.58988,
2.4,0.5,1,0.58988,
2.4,0.5,1,0.58988,
2.4,0.5,1,0.58988,
2.4,0.5,1,0.58988,
2.4,0.5,1,0.58988,
0.24,0.5,1,1.99274e-73,
0.24,0.5,1,6.34891e-73,
0.24,0.5,1,1.45642e-73,
0.24,0.5,1,6.72301e-73,
0.24,0.5,1,5.10987e-73,
0.24,0.5,1,1.92338e-73,
0.24,0.5,1,1.07886e-73,
0.24,0.5,1,5.17718e-73,
2.41,0.5,1,0.591414,
2.41,0.5,1,0.591414,
2.41,0.5,1,0.591414,
2.41,0.5,1,0.591414,
2.41,0.5,1,0.591414,
2.41,0.5,1,0.591414,
2.41,0.5,1,0.591414,
2.41,0.5,1,0.591414,
2.42,0.5,1,0.592893,
2.42,0.5,1,0.592893,
2.42,0.5,1,0.592893,
2.42,0.5,1,0.592893,
2.42,0.5,1,0.592893,
2.42,0.5,1,0.592893,
2.42,0.5,1,0.592893,
2.42,0.5,1,0.592893,
2.43,0.5,1,0.594322,
2.43,0.5,1,0.594322,
2.43,0.5,1,0.594322,
2.43,0.5,1,0.594322,
2.43,0.5,1,0.594322,
2.43,0.5,1,0.594322,
2.43,0.5,1,0.594322,
2.43,0.5,1,0.594322,
2.44,0.5,2,0.544117,0.685313,
2.44,0.5,2,0.544117,0.685313,
2.44,0.5,2,0.544117,0.685313,
2.44,0.5,2,0.544117,0.685313,
2.44,0.5,2,0.544117,0.685313,
2.44,0.5,2,0.544117,0.685313,
2.44,0.5,2,0.544117,0.685313,
2.44,0.5,2,0.544117,0.685313,
2.45,0.5,1,0.597049,
2.45,0.5,1,0.597049,
2.45,0.5,1,0.597049,
2.45,0.5,1,0.597049,
2.45,0.5,1,0.597049,
2.45,0.5,1,0.597049,
2.45,0.5,1,0.597049,
2.45,0.5,1,0.597049,
2.46,0.5,2,0.609078,0.625497,
2.46,0.5,2,0.609078,0.625497,
2.46,0.5,2,0.60908,0.625496,
2.46,0.5,2,0.609078,0.625497,
2.46,0.5,2,0.609078,0.625498,
2.46,0.5,2,0.609078,0.625497,
2.46,0.5,2,0.609078,0.625497,
2.46,0.5,2,0.609078,0.625497,
2.47,0.5,1,0.599623,
2.47,0.5,1,0.599623,
2.47,0.5,1,0.599623,
2.47,0.5,1,0.599623,
2.47,0.5,1,0.599623,
2.47,0.5,1,0.599623,
2.47,0.5,1,0.599623,
2.47,0.5,1,0.599623,
2.48,0.5,1,0.569353,
2.48,0.5,1,0.569353,
2.48,0.5,1,0.569353,
2.48,0.5,1,0.569353,
2.48,0.5,1,0.569353,
2.48,0.5,1,0.569353,
2.48,0.5,1,0.569353,
2.48,0.5,1,0.569353,
2.49,0.5,1,0.503215,
2.49,0.5,1,0.503215,
2.49,0.5,1,0.503215,
2.49,0.5,1,0.503215,
2.49,0.5,1,0.503215,
2.49,0.5,1,0.503215,
2.49,0.5,1,0.503215,
2.49,0.5,1,0.503215,
2.5,0.5,2,0.539351,0.666612,
2.5,0.5,2,0.539351,0.666612,
2.5,0.5,2,0.539351,0.666612,
2.5,0.5,2,0.539351,0.666612,
2.5,0.5,2,0.539351,0.666612,
2.5,0.5,2,0.539351,0.666612,
2.5,0.5,2,0.539351,0.666612,
2.5,0.5,2,0.539351,0.666612,
0.25,0.5,1,9.1602e-72,
0.25,0.5,1,1.24216e-71,
0.25,0.5,1,1.71099e-71,
0.25,0.5,1,5.59446e-71,
0.25,0.5,1,5.21554e-71,
0.25,0.5,1,4.32682e-71,
0.25,0.5,1,4.38924e-71,
0.25,0.5,1,1.64407e-71,
2.51,0.5,1,0.575613,
2.51,0.5,1,0.575613,
2.51,0.5,1,0.575613,
2.51,0.5,1,0.575613,
2.51,0.5,1,0.575613,
2.51,0.5,1,0.575613,
2.51,0.5,1,0.575613,
2.51,0.5,1,0.575613,
2.52,0.5,2,0.544519,0.6681,
2.52,0.5,2,0.544519,0.6681,
2.52,0.5,2,0.544519,0.6681,
2.52,0.5,2,0.544519,0.6681,
2.52,0.5,2,0.544519,0.6681,
2.52,0.5,2,0.544519,0.6681,
2.52,0.5,2,0.544519,0.6681,
2.52,0.5,2,0.544519,0.6681,
2.53,0.5,1,0.512768,
2.53,0.5,1,0.512768,
2.53,0.5,1,0.512768,
2.53,0.5,1,0.512768,
2.53,0.5,1,0.512768,
2.53,0.5,1,0.512768,
2.53,0.5,1,0.512768,
2.53,0.5,1,0.512768,
2.54,0.5,1,0.515553,
2.54,0.5,1,0.515553,
2.54,0.5,1,0.515553,
2.54,0.5,1,0.515553,
2.54,0.5,1,0.515553,
2.54,0.5,1,0.515553,
2.54,0.5,1,0.515553,
2.54,0.5,1,0.515553,
2.55,0.5,1,0.518585,
2.55,0.5,1,0.518585,
2.55,0.5,1,0.518585,
2.55,0.5,1,0.518585,
2.55,0.5,1,0.518585,
2.55,0.5,1,0.518585,
2.55,0.5,1,0.518585,
2.55,0.5,1,0.518585,
2.56,0.5,1,0.606187,
2.56,0.5,1,0.606187,
2.56,0.5,1,0.606187,
2.56,0.5,1,0.606187,
2.56,0.5,1,0.606187,
2.56,0.5,1,0.606187,
2.56,0.5,1,0.606187,
2.56,0.5,1,0.606187,
2.57,0.5,1,0.584388,
2.57,0.5,1,0.584388,
2.57,0.5,1,0.584388,
2.57,0.5,1,0.584388,
2.57,0.5,1,0.584388,
2.57,0.5,1,0.584388,
2.57,0.5,1,0.584388,
2.57,0.5,1,0.584388,
2.58,0.5,1,0.512268,
2.58,0.5,1,0.512268,
2.58,0.5,1,0.512268,
2.58,0.5,1,0.512268,
2.58,0.5,1,0.512268,
2.58,0.5,1,0.512268,
2.58,0.5,1,0.512268,
2.58,0.5,1,0.512268,
2.59,0.5,1,0.58764,
2.59,0.5,1,0.58764,
2.59,0.5,1,0.58764,
2.59,0.5,1,0.58764,
2.59,0.5,1,0.58764,
2.59,0.5,1,0.58764,
2.59,0.5,1,0.58764,
2.59,0.5,1,0.58764,
2.6,0.5,1,0.518352,
2.6,0.5,1,0.518352,
2.6,0.5,1,0.518352,
2.6,0.5,1,0.518352,
2.6,0.5,1,0.518352,
2.6,0.5,1,0.518352,
2.6,0.5,1,0.518352,
2.6,0.5,1,0.518352,
0.26,0.5,1,9.86815e-33,
0.26,0.5,1,2.1268e-32,
0.26,0.5,1,1.62473e-32,
0.26,0.5,1,1.64831e-32,
0.26,0.5,1,2.56266e-32,
0.26,0.5,1,1.68144e-32,
0.26,0.5,1,2.65252e-32,
0.26,0.5,1,2.00214e-32,
2.61,0.5,1,0.600608,
2.61,0.5,1,0.600608,
2.61,0.5,1,0.600608,
2.61,0.5,1,0.600608,
2.61,0.5,1,0.600608,
2.61,0.5,1,0.600608,
2.61,0.5,1,0.600608,
2.61,0.5,1,0.600608,
2.62,0.5,1,0.602037,
2.62,0.5,1,0.602037,
2.62,0.5,1,0.602037,
2.62,0.5,1,0.602037,
2.62,0.5,1,0.602037,
2.62,0.5,1,0.602037,
2.62,0.5,1,0.602037,
2.62,0.5,1,0.602037,
2.63,0.5,1,0.528419,
2.63,0.5,1,0.528419,
2.63,0.5,1,0.528419,
2.63,0.5,1,0.528419,
2.63,0.5,1,0.528419,
2.63,0.5,1,0.528419,
2.63,0.5,1,0.528419,
2.63,0.5,1,0.528419,
2.64,0.5,1,0.604915,
2.64,0.5,1,0.604915,
2.64,0.5,1,0.604915,
2.64,0.5,1,0.604915,
2.64,0.5,1,0.604915,
2.64,0.5,1,0.604915,
2.64,0.5,1,0.604915,
2.64,0.5,1,0.604915,
2.65,0.5,1,0.638138,
2.65,0.5,1,0.638138,
2.65,0.5,1,0.638138,
2.65,0.5,1,0.638138,
2.65,0.5,1,0.638138,
2.65,0.5,1,0.638138,
2.65,0.5,1,0.638138,
2.65,0.5,1,0.638138,
2.66,0.5,4,0.609025,0.698841,0.567476,0.724002,
2.66,0.5,4,0.609025,0.567476,0.698841,0.724002,
2.66,0.5,4,0.567476,0.698841,0.609025,0.724002,
2.66,0.5,4,0.567476,0.609025,0.698841,0.724002,
2.66,0.5,4,0.609025,0.698841,0.567476,0.724002,
2.66,0.5,4,0.609025,0.567476,0.698841,0.724002,
2.66,0.5,4,0.567476,0.609025,0.698841,0.724002,
2.66,0.5,4,0.609025,0.698841,0.567476,0.724002,
2.67,0.5,2,0.566107,0.646141,
2.67,0.5,2,0.566107,0.646141,
2.67,0.5,2,0.566107,0.646141,
2.67,0.5,2,0.566107,0.646141,
2.67,0.5,2,0.566107,0.646141,
2.67,0.5,2,0.566107,0.646141,
2.67,0.5,2,0.566107,0.646141,
2.67,0.5,2,0.566107,0.646141,
2.68,0.5,2,0.568934,0.645403,
2.68,0.5,2,0.568934,0.645403,
2.68,0.5,2,0.568934,0.645403,
2.68,0.5,2,0.568934,0.645403,
2.68,0.5,2,0.568934,0.645403,
2.68,0.5,2,0.568934,0.645403,
2.68,0.5,2,0.568934,0.645403,
2.68,0.5,2,0.568934,0.645403,
2.69,0.5,2,0.59326,0.686185,
2.69,0.5,2,0.59326,0.686185,
2.69,0.5,2,0.59326,0.686185,
2.69,0.5,2,0.59326,0.686185,
2.69,0.5,2,0.59326,0.686185,
2.69,0.5,2,0.59326,0.686185,
2.69,0.5,2,0.59326,0.686185,
2.69,0.5,2,0.59326,0.686185,
2.7,0.5,2,0.59643,0.687278,
2.7,0.5,2,0.59643,0.687278,
2.7,0.5,2,0.59643,0.687278,
2.7,0.5,2,0.59643,0.687278,
2.7,0.5,2,0.59643,0.687278,
2.7,0.5,2,0.59643,0.687278,
2.7,0.5,2,0.59643,0.687278,
2.7,0.5,2,0.59643,0.687278,
0.27,0.5,1,8.74602e-82,
0.27,0.5,1,4.66499e-82,
0.27,0.5,1,9.47543e-82,
0.27,0.5,1,2.26526e-82,
0.27,0.5,1,3.21366e-82,
0.27,0.5,1,5.71506e-82,
0.27,0.5,1,8.56803e-82,
0.27,0.5,1,2.40196e-82,
2.71,0.5,2,0.547701,0.603126,
2.71,0.5,2,0.547701,0.603126,
2.71,0.5,2,0.547701,0.603126,
2.71,0.5,2,0.547701,0.603126,
2.71,0.5,2,0.547701,0.603126,
2.71,0.5,2,0.547701,0.603126,
2.71,0.5,2,0.547701,0.603126,
2.71,0.5,2,0.547701,0.603126,
2.72,0.5,2,0.582368,0.638001,
2.72,0.5,2,0.582368,0.638001,
2.72,0.5,2,0.582368,0.638001,
2.72,0.5,2,0.582368,0.638001,
2.72,0.5,2,0.582368,0.638001,
2.72,0.5,2,0.582368,0.638001,
2.72,0.5,2,0.582368,0.638001,
2.72,0.5,2,0.582368,0.638001,
2.73,0.5,2,0.614531,0.614533,
2.73,0.5,2,0.614531,0.614534,
2.73,0.5,2,0.614531,0.614533,
2.73,0.5,2,0.614531,0.614533,
2.73,0.5,2,0.614532,0.614533,
2.73,0.5,2,0.614531,0.614534,
2.73,0.5,2,0.614532,0.614533,
2.73,0.5,1,0.614532,
2.74,0.5,2,0.590566,0.63203,
2.74,0.5,2,0.590566,0.63203,
2.74,0.5,2,0.590566,0.63203,
2.74,0.5,2,0.590566,0.63203,
2.74,0.5,2,0.590566,0.63203,
2.74,0.5,2,0.590566,0.63203,
2.74,0.5,2,0.590566,0.63203,
2.74,0.5,2,0.590566,0.63203,
2.75,0.5,1,0.641713,
2.75,0.5,1,0.641713,
2.75,0.5,1,0.641713,
2.75,0.5,1,0.641713,
2.75,0.5,1,0.641713,
2.75,0.5,1,0.641713,
2.75,0.5,1,0.641713,
2.75,0.5,1,0.641713,
2.76,0.5,2,0.552075,0.691542,
2.76,0.5,2,0.552075,0.691542,
2.76,0.5,2,0.552075,0.691542,
2.76,0.5,2,0.552075,0.691542,
2.76,0.5,2,0.630781,0.630904,
2.76,0.5,2,0.552075,0.691542,
2.76,0.5,2,0.630817,0.630867,
2.76,0.5,2,0.552075,0.691542,
2.77,0.5,1,0.644255,
2.77,0.5,1,0.644255,
2.77,0.5,1,0.644255,
2.77,0.5,1,0.644255,
2.77,0.5,1,0.644255,
2.77,0.5,1,0.644255,
2.77,0.5,1,0.644255,
2.77,0.5,1,0.644255,
2.78,0.5,2,0.513296,0.757829,
2.78,0.5,2,0.513296,0.757829,
2.78,0.5,2,0.513296,0.757829,
2.78,0.5,2,0.513296,0.757829,
2.78,0.5,2,0.513296,0.757829,
2.78,0.5,2,0.513296,0.757829,
2.78,0.5,2,0.513296,0.757829,
2.78,0.5,2,0.513296,0.757829,
2.79,0.5,1,0.646862,
2.79,0.5,1,0.646862,
2.79,0.5,1,0.646862,
2.79,0.5,1,0.646862,
2.79,0.5,1,0.646862,
2.79,0.5,1,0.646862,
2.79,0.5,1,0.646862,
2.79,0.5,1,0.646862,
2.8,0.5,4,0.652218,0.698377,0.652227,0.698381,
2.8,0.5,4,0.652227,0.698377,0.652219,0.698381,
2.8,0.5,4,0.652219,0.698377,0.652227,0.698381,
2.8,0.5,4,0.652227,0.698377,0.652219,0.698381,
2.8,0.5,4,0.652219,0.698377,0.652227,0.698381,
2.8,0.5,4,0.652227,0.698377,0.652219,0.698381,
2.8,0.5,4,0.652227,0.698377,0.652219,0.698381,
2.8,0.5,4,0.652227,0.698377,0.652219,0.698381,
0.28,0.5,1,1.00098e-18,
0.28,0.5,1,5.2966e-19,
0.28,0.5,1,7.77321e-19,
0.28,0.5,1,7.77479e-19,
0.28,0.5,1,7.6527e-19,
0.28,0.5,1,1.13086e-18,
0.28,0.5,1,1.13479e-18,
0.28,0.5,1,7.80918e-19,
2.81,0.5,2,0.54837,0.702897,
2.81,0.5,2,0.637015,0.637018,
2.81,0.5,2,0.54837,0.702897,
2.81,0.5,2,0.54837,0.702897,
2.81,0.5,2,0.54837,0.702897,
2.81,0.5,1,0.637016,
2.81,0.5,2,0.54837,0.702897,
2.81,0.5,2,0.54837,0.702897,
2.82,0.5,4,0.500279,0.6961,0.557587,0.741142,
2.82,0.5,4,0.557587,0.6961,0.500279,0.741142,
2.82,0.5,4,0.557587,0.500279,0.6961,0.741142,
2.82,0.5,4,0.500279,0.557587,0.6961,0.741142,
2.82,0.5,4,0.557587,0.500279,0.6961,0.741142,
2.82,0.5,4,0.500279,0.557587,0.6961,0.741142,
2.82,0.5,4,0.557587,0.6961,0.500279,0.741142,
2.82,0.5,4,0.500279,0.6961,0.557587,0.741142,
2.83,0.5,2,0.508023,0.766477,
2.83,0.5,2,0.508023,0.766477,
2.83,0.5,2,0.508023,0.766477,
2.83,0.5,2,0.508023,0.766477,
2.83,0.5,2,0.508023,0.766477,
2.83,0.5,2,0.508023,0.766477,
2.83,0.5,2,0.508023,0.766477,
2.83,0.5,2,0.508023,0.766477,
2.84,0.5,1,0.65052,
2.84,0.5,1,0.65052,
2.84,0.5,1,0.65052,
2.84,0.5,1,0.65052,
2.84,0.5,1,0.65052,
2.84,0.5,1,0.65052,
2.84,0.5,1,0.65052,
2.84,0.5,1,0.65052,
2.85,0.5,2,0.510892,0.754147,
2.85,0.5,2,0.510892,0.754147,
2.85,0.5,2,0.510892,0.754147,
2.85,0.5,2,0.510892,0.754147,
2.85,0.5,2,0.510892,0.754147,
2.85,0.5,2,0.510892,0.754147,
2.85,0.5,2,0.510892,0.754147,
2.85,0.5,2,0.510892,0.754147,
2.86,0.5,1,0.650366,
2.86,0.5,1,0.650366,
2.86,0.5,1,0.650366,
2.86,0.5,1,0.650366,
2.86,0.5,1,0.650366,
2.86,0.5,1,0.650366,
2.86,0.5,1,0.650366,
2.86,0.5,1,0.650366,
2.87,0.5,2,0.507704,0.758207,
2.87,0.5,2,0.507704,0.758207,
2.87,0.5,2,0.507704,0.758207,
2.87,0.5,2,0.507704,0.758207,
2.87,0.5,2,0.507704,0.758207,
2.87,0.5,2,0.507704,0.758207,
2.87,0.5,2,0.507704,0.758207,
2.87,0.5,2,0.507704,0.758207,
2.88,0.5,1,0.644871,
2.88,0.5,1,0.644871,
2.88,0.5,1,0.644871,
2.88,0.5,1,0.644871,
2.88,0.5,1,0.644871,
2.88,0.5,1,0.644871,
2.88,0.5,1,0.644871,
2.88,0.5,1,0.644871,
2.89,0.5,1,0.654843,
2.89,0.5,1,0.654843,
2.89,0.5,1,0.654843,
2.89,0.5,1,0.654843,
2.89,0.5,1,0.654843,
2.89,0.5,1,0.654843,
2.89,0.5,1,0.654843,
2.89,0.5,1,0.654843,
2.9,0.5,1,0.647496,
2.9,0.5,1,0.647496,
2.9,0.5,1,0.647496,
2.9,0.5,1,0.647496,
2.9,0.5,1,0.647496,
2.9,0.5,1,0.647496,
2.9,0.5,1,0.647496,
2.9,0.5,1,0.647496,
0.29,0.5,1,1.21754e-38,
0.29,0.5,1,1.62924e-38,
0.29,0.5,1,3.29995e-38,
0.29,0.5,1,4.03848e-38,
0.29,0.5,1,2.46543e-38,
0.29,0.5,1,3.34831e-38,
0.29,0.5,1,1.08702e-38,
0.29,0.5,1,3.99544e-38,
2.91,0.5,2,0.497004,0.768999,
2.91,0.5,2,0.497004,0.768999,
2.91,0.5,2,0.497004,0.768999,
2.91,0.5,2,0.497004,0.768999,
2.91,0.5,2,0.497004,0.768999,
2.91,0.5,2,0.497004,0.768999,
2.91,0.5,2,0.497004,0.768999,
2.91,0.5,2,0.497004,0.768999,
2.92,0.5,1,0.658865,
2.92,0.5,1,0.658865,
2.92,0.5,1,0.658865,
2.92,0.5,1,0.658865,
2.92,0.5,1,0.658865,
2.92,0.5,1,0.658865,
2.92,0.5,1,0.658865,
2.92,0.5,1,0.658865,
2.93,0.5,4,0.456942,0.55154,0.774177,0.828853,
2.93,0.5,4,0.456942,0.774177,0.55154,0.828853,
2.93,0.5,4,0.456942,0.55154,0.774177,0.828853,
2.93,0.5,4,0.55154,0.456942,0.774177,0.828853,
2.93,0.5,4,0.456942,0.55154,0.774177,0.828853,
2.93,0.5,4,0.456942,0.774177,0.55154,0.828853,
2.93,0.5,4,0.55154,0.774177,0.456942,0.828853,
2.93,0.5,4,0.456942,0.774177,0.55154,0.828853,
2.94,0.5,4,0.457771,0.548697,0.776315,0.829048,
2.94,0.5,4,0.457771,0.776315,0.548697,0.829048,
2.94,0.5,4,0.548697,0.776315,0.457771,0.829048,
2.94,0.5,4,0.457771,0.548697,0.776315,0.829048,
2.94,0.5,4,0.457771,0.548697,0.776315,0.829048,
2.94,0.5,4,0.457771,0.776315,0.548697,0.829048,
2.94,0.5,4,0.548697,0.776315,0.457771,0.829048,
2.94,0.5,4,0.457771,0.548697,0.776315,0.829048,
2.95,0.5,4,0.4588,0.545708,0.778485,0.829087,
2.95,0.5,4,0.4588,0.545708,0.778485,0.829087,
2.95,0.5,4,0.4588,0.545708,0.778485,0.829087,
2.95,0.5,4,0.545708,0.778485,0.4588,0.829087,
2.95,0.5,4,0.4588,0.778485,0.545708,0.829087,
2.95,0.5,4,0.545708,0.778485,0.4588,0.829087,
2.95,0.5,4,0.4588,0.545708,0.778485,0.829087,
2.95,0.5,4,0.545708,0.778485,0.4588,0.829087,
2.96,0.5,2,0.608735,0.687769,
2.96,0.5,2,0.608735,0.687769,
2.96,0.5,2,0.608735,0.687769,
2.96,0.5,2,0.608735,0.687769,
2.96,0.5,2,0.608735,0.687769,
2.96,0.5,2,0.608735,0.687769,
2.96,0.5,2,0.608735,0.687769,
2.96,0.5,2,0.608735,0.687769,
2.97,0.5,4,0.461378,0.539224,0.782983,0.828774,
2.97,0.5,4,0.461378,0.782983,0.539224,0.828774,
2.97,0.5,4,0.461378,0.539224,0.782983,0.828774,
2.97,0.5,4,0.539224,0.461378,0.782983,0.828774,
2.97,0.5,4,0.461378,0.539224,0.782983,0.828774,
2.97,0.5,4,0.539224,0.782983,0.461378,0.828774,
2.97,0.5,4,0.539224,0.782983,0.461378,0.828774,
2.97,0.5,4,0.539224,0.782983,0.461378,0.828774,
2.98,0.5,1,0.676853,
2.98,0.5,1,0.676853,
2.98,0.5,1,0.676853,
2.98,0.5,1,0.676853,
2.98,0.5,1,0.676853,
2.98,0.5,1,0.676853,
2.98,0.5,1,0.676853,
2.98,0.5,1,0.676853,
2.99,0.5,4,0.532024,0.464506,0.787777,0.828066,
2.99,0.5,4,0.532024,0.787777,0.464506,0.828066,
2.99,0.5,4,0.464506,0.787777,0.532024,0.828066,
2.99,0.5,4,0.464506,0.532024,0.787777,0.828066,
2.99,0.5,4,0.532024,0.787777,0.464506,0.828066,
2.99,0.5,4,0.464506,0.532024,0.787777,0.828066,
2.99,0.5,4,0.532024,0.787777,0.464506,0.828066,
2.99,0.5,4,0.532024,0.464506,0.787777,0.828066,
3,0.5,4,0.466206,0.790318,0.528155,0.827622,
3,0.5,4,0.528155,0.466206,0.790318,0.827622,
3,0.5,4,0.528155,0.790318,0.466206,0.827622,
3,0.5,4,0.528155,0.790318,0.466206,0.827622,
3,0.5,4,0.528155,0.790318,0.466206,0.827622,
3,0.5,4,0.528155,0.466206,0.790318,0.827622,
3,0.5,4,0.466206,0.528155,0.790318,0.827622,
3,0.5,4,0.466207,0.790318,0.528155,0.827622,
0.3,0.5,1,1.25423e-26,
0.3,0.5,1,1.71168e-26,
0.3,0.5,1,2.06422e-26,
0.3,0.5,1,2.05668e-26,
0.3,0.5,1,1.79826e-26,
0.3,0.5,1,1.15178e-26,
0.3,0.5,1,1.22088e-26,
0.3,0.5,1,1.71876e-26,
0.03,0.5,1,1.47411e-188,
0.03,0.5,1,1.02979e-188,
0.03,0.5,1,1.02913e-187,
0.03,0.5,1,2.77412e-188,
0.03,0.5,1,1.5473e-187,
0.03,0.5,1,6.48682e-188,
0.03,0.5,1,1.74807e-188,
0.03,0.5,1,1.46248e-188,
3.01,0.5,2,0.512827,0.785311,
3.01,0.5,2,0.512827,0.785311,
3.01,0.5,2,0.512827,0.785311,
3.01,0.5,2,0.512827,0.785311,
3.01,0.5,2,0.512827,0.785311,
3.01,0.5,2,0.512827,0.785311,
3.01,0.5,2,0.512827,0.785311,
3.01,0.5,2,0.512827,0.785311,
3.02,0.5,2,0.488177,0.793428,
3.02,0.5,2,0.488177,0.793428,
3.02,0.5,2,0.488177,0.793428,
3.02,0.5,2,0.488177,0.793428,
3.02,0.5,2,0.488177,0.793428,
3.02,0.5,2,0.488177,0.793428,
3.02,0.5,2,0.488177,0.793428,
3.02,0.5,2,0.488177,0.793428,
3.03,0.5,2,0.486813,0.795108,
3.03,0.5,2,0.486813,0.795108,
3.03,0.5,2,0.486813,0.795108,
3.03,0.5,2,0.486813,0.795108,
3.03,0.5,2,0.486813,0.795108,
3.03,0.5,2,0.486813,0.795108,
3.03,0.5,2,0.486813,0.795108,
3.03,0.5,2,0.486813,0.795108,
3.04,0.5,1,0.664715,
3.04,0.5,1,0.664715,
3.04,0.5,1,0.664715,
3.04,0.5,1,0.664715,
3.04,0.5,1,0.664715,
3.04,0.5,1,0.664715,
3.04,0.5,1,0.664715,
3.04,0.5,1,0.664715,
3.05,0.5,1,0.666309,
3.05,0.5,1,0.666309,
3.05,0.5,1,0.666309,
3.05,0.5,1,0.666309,
3.05,0.5,1,0.666309,
3.05,0.5,1,0.666309,
3.05,0.5,1,0.666309,
3.05,0.5,1,0.666309,
3.06,0.5,2,0.482466,0.799996,
3.06,0.5,2,0.482466,0.799996,
3.06,0.5,2,0.482466,0.799996,
3.06,0.5,2,0.482466,0.799996,
3.06,0.5,2,0.482466,0.799996,
3.06,0.5,2,0.482466,0.799996,
3.06,0.5,2,0.482466,0.799996,
3.06,0.5,2,0.482466,0.799996,
3.07,0.5,1,0.669376,
3.07,0.5,1,0.669376,
3.07,0.5,1,0.669376,
3.07,0.5,1,0.669376,
3.07,0.5,1,0.669376,
3.07,0.5,1,0.669376,
3.07,0.5,1,0.669376,
3.07,0.5,1,0.669376,
3.08,0.5,2,0.517788,0.794821,
3.08,0.5,2,0.517788,0.794821,
3.08,0.5,2,0.517788,0.794821,
3.08,0.5,2,0.517788,0.794821,
3.08,0.5,2,0.517788,0.794821,
3.08,0.5,2,0.517788,0.794821,
3.08,0.5,2,0.517788,0.794821,
3.08,0.5,2,0.517788,0.794821,
3.09,0.5,2,0.667616,0.709655,
3.09,0.5,8,0.421451,0.815242,0.454979,0.830869,0.418784,0.811181,0.463546,0.83211,
3.09,0.5,8,0.421451,0.815242,0.454979,0.830869,0.418784,0.811181,0.463546,0.83211,
3.09,0.5,8,0.418784,0.811181,0.463546,0.830869,0.42145,0.815241,0.454979,0.83211,
3.09,0.5,8,0.42145,0.815241,0.454979,0.830869,0.418784,0.811181,0.463545,0.83211,
3.09,0.5,8,0.418784,0.811181,0.463546,0.830869,0.42145,0.815241,0.454979,0.83211,
3.09,0.5,2,0.667616,0.709655,
3.09,0.5,8,0.421446,0.815235,0.454993,0.830871,0.418788,0.811188,0.463532,0.832108,
3.1,0.5,1,0.67369,
3.1,0.5,1,0.67369,
3.1,0.5,1,0.67369,
3.1,0.5,1,0.67369,
3.1,0.5,1,0.67369,
3.1,0.5,1,0.67369,
3.1,0.5,1,0.67369,
3.1,0.5,1,0.67369,
0.31,0.5,1,2.81152e-70,
0.31,0.5,1,8.29778e-71,
0.31,0.5,1,3.60107e-70,
0.31,0.5,1,4.79664e-70,
0.31,0.5,1,1.81698e-70,
0.31,0.5,1,1.95e-70,
0.31,0.5,1,2.81801e-70,
0.31,0.5,1,2.08016e-69,
3.11,0.5,4,0.442049,0.47737,0.799538,0.817164,
3.11,0.5,4,0.47737,0.799538,0.442049,0.817164,
3.11,0.5,4,0.442049,0.47737,0.799538,0.817164,
3.11,0.5,4,0.442049,0.799538,0.47737,0.817164,
3.11,0.5,4,0.442049,0.47737,0.799538,0.817164,
3.11,0.5,4,0.47737,0.799538,0.442049,0.817164,
3.11,0.5,4,0.47737,0.799538,0.442049,0.817164,
3.11,0.5,4,0.47737,0.442049,0.799538,0.817164,
3.12,0.5,2,0.485384,0.808477,
3.12,0.5,2,0.485384,0.808477,
3.12,0.5,2,0.485384,0.808477,
3.12,0.5,2,0.485384,0.808477,
3.12,0.5,2,0.485384,0.808477,
3.12,0.5,2,0.485384,0.808477,
3.12,0.5,2,0.485384,0.808477,
3.12,0.5,2,0.485384,0.808477,
3.13,0.5,1,0.659486,
3.13,0.5,1,0.659486,
3.13,0.5,1,0.659486,
3.13,0.5,1,0.659486,
3.13,0.5,1,0.659486,
3.13,0.5,1,0.659486,
3.13,0.5,1,0.659486,
3.13,0.5,1,0.659486,
3.14,0.5,2,0.449934,0.825665,
3.14,0.5,2,0.449934,0.825665,
3.14,0.5,2,0.449934,0.825665,
3.14,0.5,2,0.449934,0.825665,
3.14,0.5,2,0.449934,0.825665,
3.14,0.5,2,0.449934,0.825665,
3.14,0.5,2,0.449934,0.825665,
3.14,0.5,2,0.449934,0.825665,
3.15,0.5,2,0.482551,0.814091,
3.15,0.5,2,0.482551,0.814091,
3.15,0.5,2,0.482551,0.814091,
3.15,0.5,2,0.482551,0.814091,
3.15,0.5,2,0.482551,0.814091,
3.15,0.5,2,0.482551,0.814091,
3.15,0.5,2,0.482551,0.814091,
3.15,0.5,2,0.482551,0.814091,
3.16,0.5,2,0.51708,0.791289,
3.16,0.5,1,0.667709,
3.16,0.5,2,0.51708,0.791289,
3.16,0.5,1,0.667709,
3.16,0.5,1,0.667709,
3.16,0.5,2,0.51708,0.791289,
3.16,0.5,1,0.667709,
3.16,0.5,2,0.51708,0.791289,
3.17,0.5,4,0.487697,0.799771,0.429362,0.829562,
3.17,0.5,4,0.429362,0.487697,0.799771,0.829562,
3.17,0.5,4,0.487697,0.799771,0.429362,0.829562,
3.17,0.5,4,0.429362,0.487697,0.799771,0.829562,
3.17,0.5,4,0.487697,0.799771,0.429362,0.829562,
3.17,0.5,4,0.429362,0.487697,0.799771,0.829562,
3.17,0.5,4,0.487697,0.429362,0.799771,0.829562,
3.17,0.5,4,0.429362,0.799771,0.487697,0.829562,
3.18,0.5,1,0.667862,
3.18,0.5,1,0.667862,
3.18,0.5,1,0.667862,
3.18,0.5,1,0.667862,
3.18,0.5,1,0.667862,
3.18,0.5,1,0.667862,
3.18,0.5,1,0.667862,
3.18,0.5,1,0.667862,
3.19,0.5,4,0.425222,0.491388,0.799732,0.833665,
3.19,0.5,4,0.491388,0.799732,0.425222,0.833665,
3.19,0.5,4,0.491388,0.425222,0.799732,0.833665,
3.19,0.5,4,0.425222,0.491388,0.799732,0.833665,
3.19,0.5,4,0.491388,0.799732,0.425222,0.833665,
3.19,0.5,4,0.425222,0.491388,0.799732,0.833665,
3.19,0.5,4,0.425222,0.799732,0.491388,0.833665,
3.19,0.5,4,0.491388,0.799732,0.425222,0.833665,
3.2,0.5,2,0.479098,0.820337,
3.2,0.5,2,0.479098,0.820337,
3.2,0.5,2,0.479098,0.820337,
3.2,0.5,2,0.479098,0.820337,
3.2,0.5,2,0.479098,0.820337,
3.2,0.5,2,0.479098,0.820337,
3.2,0.5,2,0.479098,0.820337,
3.2,0.5,2,0.479098,0.820337,
0.32,0.5,1,9.05731e-68,
0.32,0.5,1,3.175e-67,
0.32,0.5,1,2.68631e-67,
0.32,0.5,1,2.46749e-67,
0.32,0.5,1,1.86061e-67,
0.32,0.5,1,3.60422e-67,
0.32,0.5,1,1.81018e-67,
0.32,0.5,1,2.24131e-67,
3.21,0.5,2,0.525093,0.804644,
3.21,0.5,2,0.525093,0.804644,
3.21,0.5,2,0.525093,0.804644,
3.21,0.5,2,0.525093,0.804644,
3.21,0.5,2,0.525093,0.804644,
3.21,0.5,2,0.525093,0.804644,
3.21,0.5,2,0.525093,0.804644,
3.21,0.5,2,0.525093,0.804644,
3.22,0.5,2,0.506565,0.811376,
3.22,0.5,2,0.506565,0.811376,
3.22,0.5,2,0.506565,0.811376,
3.22,0.5,2,0.506565,0.811376,
3.22,0.5,2,0.506565,0.811376,
3.22,0.5,2,0.506565,0.811376,
3.22,0.5,2,0.506565,0.811376,
3.22,0.5,2,0.506565,0.811376,
3.23,0.5,2,0.484137,0.809204,
3.23,0.5,2,0.484137,0.809204,
3.23,0.5,2,0.484137,0.809204,
3.23,0.5,2,0.484137,0.809204,
3.23,0.5,2,0.484137,0.809204,
3.23,0.5,2,0.484137,0.809204,
3.23,0.5,2,0.484137,0.809204,
3.23,0.5,2,0.484137,0.809204,
3.24,0.5,2,0.461147,0.829245,
3.24,0.5,2,0.461147,0.829245,
3.24,0.5,2,0.461147,0.829245,
3.24,0.5,2,0.461147,0.829245,
3.24,0.5,2,0.461147,0.829245,
3.24,0.5,2,0.461147,0.829245,
3.24,0.5,2,0.461147,0.829245,
3.24,0.5,2,0.461147,0.829245,
3.25,0.5,4,0.419199,0.490371,0.812027,0.845714,
3.25,0.5,4,0.490371,0.812027,0.419199,0.845714,
3.25,0.5,4,0.490371,0.812027,0.419199,0.845714,
3.25,0.5,4,0.490371,0.812027,0.419199,0.845714,
3.25,0.5,4,0.490371,0.419199,0.812027,0.845714,
3.25,0.5,4,0.490371,0.812027,0.419199,0.845714,
3.25,0.5,4,0.419199,0.490371,0.812027,0.845714,
3.25,0.5,4,0.419199,0.490371,0.812027,0.845714,
3.26,0.5,2,0.51584,0.815029,
3.26,0.5,2,0.51584,0.815029,
3.26,0.5,2,0.51584,0.815029,
3.26,0.5,2,0.51584,0.815029,
3.26,0.5,2,0.51584,0.815029,
3.26,0.5,2,0.51584,0.815029,
3.26,0.5,2,0.51584,0.815029,
3.26,0.5,2,0.51584,0.815029,
3.27,0.5,2,0.477504,0.816771,
3.27,0.5,2,0.477504,0.816771,
3.27,0.5,2,0.477504,0.816771,
3.27,0.5,2,0.477504,0.816771,
3.27,0.5,2,0.477504,0.816771,
3.27,0.5,2,0.477504,0.816771,
3.27,0.5,2,0.477504,0.816771,
3.27,0.5,2,0.477504,0.816771,
3.28,0.5,4,0.508639,0.406681,0.805304,0.853702,
3.28,0.5,4,0.406681,0.508639,0.805304,0.853702,
3.28,0.5,4,0.406681,0.508639,0.805304,0.853702,
3.28,0.5,4,0.406681,0.508639,0.805304,0.853702,
3.28,0.5,4,0.508639,0.805304,0.406681,0.853702,
3.28,0.5,4,0.406681,0.508639,0.805304,0.853702,
3.28,0.5,4,0.508639,0.406681,0.805304,0.853702,
3.28,0.5,4,0.508639,0.805304,0.406681,0.853702,
3.29,0.5,1,0.703034,
3.29,0.5,2,0.5487,0.816714,
3.29,0.5,1,0.703034,
3.29,0.5,2,0.5487,0.816714,
3.29,0.5,2,0.5487,0.816714,
3.29,0.5,2,0.5487,0.816714,
3.29,0.5,1,0.703034,
3.29,0.5,2,0.5487,0.816714,
3.3,0.5,2,0.429222,0.838879,
3.3,0.5,2,0.429222,0.838879,
3.3,0.5,2,0.429222,0.838879,
3.3,0.5,2,0.429222,0.838879,
3.3,0.5,2,0.429222,0.838879,
3.3,0.5,2,0.429222,0.838879,
3.3,0.5,2,0.429222,0.838879,
3.3,0.5,2,0.429222,0.838879,
0.33,0.5,1,8.37836e-69,
0.33,0.5,1,3.30722e-68,
0.33,0.5,1,2.28523e-68,
0.33,0.5,1,6.91713e-68,
0.33,0.5,1,4.64423e-68,
0.33,0.5,1,7.77515e-68,
0.33,0.5,1,6.93925e-68,
0.33,0.5,1,4.58242e-68,
3.31,0.5,2,0.495663,0.805348,
3.31,0.5,2,0.495663,0.805348,
3.31,0.5,2,0.495663,0.805348,
3.31,0.5,2,0.495663,0.805348,
3.31,0.5,2,0.495663,0.805348,
3.31,0.5,2,0.495663,0.805348,
3.31,0.5,2,0.495663,0.805348,
3.31,0.5,2,0.495663,0.805348,
3.32,0.5,2,0.493708,0.807689,
3.32,0.5,2,0.493708,0.807689,
3.32,0.5,2,0.493708,0.807689,
3.32,0.5,2,0.493708,0.807689,
3.32,0.5,2,0.493708,0.807689,
3.32,0.5,2,0.493708,0.807689,
3.32,0.5,2,0.493708,0.807689,
3.32,0.5,2,0.493708,0.807689,
3.35,0.5,2,0.444015,0.836122,
3.35,0.5,2,0.444015,0.836122,
3.35,0.5,2,0.444015,0.836122,
3.35,0.5,2,0.444015,0.836122,
3.35,0.5,2,0.444015,0.836122,
3.35,0.5,2,0.444015,0.836122,
3.35,0.5,2,0.444015,0.836122,
3.35,0.5,2,0.444015,0.836122,
3.36,0.5,2,0.441903,0.837856,
3.36,0.5,2,0.441903,0.837856,
3.36,0.5,2,0.441903,0.837856,
3.36,0.5,2,0.441903,0.837856,
3.36,0.5,2,0.441903,0.837856,
3.36,0.5,2,0.441903,0.837856,
3.36,0.5,2,0.441903,0.837856,
3.36,0.5,2,0.441903,0.837856,
3.37,0.5,2,0.497607,0.84019,
3.37,0.5,2,0.710787,0.710804,
3.37,0.5,2,0.710787,0.710804,
3.37,0.5,2,0.497607,0.84019,
3.37,0.5,2,0.497607,0.84019,
3.37,0.5,2,0.497607,0.84019,
3.37,0.5,2,0.710787,0.710803,
3.37,0.5,2,0.497607,0.84019,
3.38,0.5,4,0.472853,0.833438,0.472843,0.833443,
3.38,0.5,4,0.472842,0.833439,0.472853,0.833444,
3.38,0.5,4,0.472842,0.833439,0.472853,0.833444,
3.38,0.5,4,0.472842,0.833439,0.472853,0.833444,
3.38,0.5,4,0.472853,0.833438,0.472843,0.833443,
3.38,0.5,4,0.472842,0.833439,0.472853,0.833444,
3.38,0.5,4,0.472842,0.833439,0.472853,0.833444,
3.38,0.5,4,0.472842,0.833439,0.472853,0.833444,
3.39,0.5,2,0.680666,0.740507,
3.39,0.5,2,0.680666,0.740507,
3.39,0.5,2,0.680666,0.740507,
3.4,0.5,4,0.456344,0.829759,0.483434,0.842258,
3.4,0.5,4,0.483434,0.456344,0.82976,0.842257,
3.4,0.5,4,0.456348,0.829762,0.48343,0.842256,
3.4,0.5,4,0.456345,0.483433,0.82976,0.842257,
3.4,0.5,4,0.456344,0.829759,0.483434,0.842258,
3.4,0.5,4,0.456344,0.829759,0.483434,0.842258,
3.4,0.5,4,0.456344,0.829759,0.483434,0.842258,
3.4,0.5,4,0.483435,0.829759,0.456344,0.842257,
0.34,0.5,1,6.06398e-64,
0.34,0.5,1,6.85555e-64,
0.34,0.5,1,1.19421e-63,
0.34,0.5,1,8.00035e-64,
0.34,0.5,1,5.40263e-64,
0.34,0.5,1,6.78585e-64,
0.34,0.5,1,8.10674e-64,
0.34,0.5,1,1.16565e-63,
3.41,0.5,4,0.488214,0.828161,0.44965,0.845902,
3.41,0.5,4,0.488214,0.44965,0.828161,0.845902,
3.41,0.5,4,0.44965,0.488214,0.828161,0.845902,
3.41,0.5,4,0.488214,0.828161,0.44965,0.845902,
3.41,0.5,4,0.44965,0.488214,0.828161,0.845902,
3.41,0.5,4,0.488214,0.449651,0.828162,0.845902,
3.41,0.5,4,0.488214,0.828161,0.44965,0.845902,
3.41,0.5,4,0.44965,0.488214,0.828161,0.845902,
3.42,0.5,2,0.445631,0.840585,
3.42,0.5,2,0.445631,0.840585,
3.42,0.5,2,0.445631,0.840585,
3.42,0.5,2,0.445631,0.840585,
3.42,0.5,2,0.445631,0.840585,
3.42,0.5,2,0.445631,0.840585,
3.42,0.5,2,0.445631,0.840585,
3.42,0.5,2,0.445631,0.840585,
3.43,0.5,12,0.393999,0.797762,0.578118,0.831224,0.495692,0.868138,0.393998,0.797762,0.578119,0.831223,0.495695,0.868139,
3.43,0.5,12,0.393999,0.797762,0.578118,0.831224,0.495692,0.868138,0.393998,0.797762,0.578119,0.831223,0.495694,0.868139,
3.43,0.5,12,0.393998,0.797762,0.578119,0.831223,0.495695,0.868138,0.393999,0.797762,0.578118,0.831224,0.495692,0.868139,
3.43,0.5,12,0.393999,0.797762,0.578118,0.831224,0.495692,0.868138,0.393998,0.797762,0.578119,0.831223,0.495694,0.868139,
3.43,0.5,12,0.393998,0.797762,0.578119,0.831223,0.495695,0.868138,0.393999,0.797762,0.578118,0.831224,0.495692,0.868139,
3.43,0.5,12,0.393999,0.797762,0.578118,0.831224,0.495692,0.868138,0.393998,0.797762,0.578119,0.831223,0.495695,0.868139,
3.43,0.5,12,0.393999,0.797762,0.578118,0.831224,0.495692,0.868138,0.393998,0.797762,0.578119,0.831223,0.495695,0.868139,
3.43,0.5,12,0.393998,0.797762,0.578119,0.831223,0.495695,0.868138,0.393999,0.797762,0.578118,0.831224,0.495692,0.868139,
3.44,0.5,2,0.440184,0.84448,
3.44,0.5,2,0.440184,0.84448,
3.44,0.5,2,0.440184,0.84448,
3.44,0.5,2,0.440184,0.84448,
3.44,0.5,2,0.440184,0.84448,
3.44,0.5,2,0.440184,0.84448,
3.44,0.5,2,0.440184,0.84448,
3.44,0.5,2,0.440184,0.84448,
3.47,0.5,2,0.490468,0.826673,
3.47,0.5,2,0.490465,0.826674,
3.47,0.5,2,0.490464,0.826675,
3.47,0.5,2,0.490468,0.826673,
3.47,0.5,2,0.42061,0.857483,
3.47,0.5,2,0.490467,0.826674,
3.47,0.5,2,0.42061,0.857483,
3.47,0.5,2,0.42061,0.857483,
3.48,0.5,4,0.480228,0.480229,0.833441,0.833442,
3.48,0.5,4,0.480229,0.833441,0.480228,0.833442,
3.48,0.5,2,0.480229,0.833441,
3.48,0.5,2,0.480229,0.833441,
3.48,0.5,2,0.480228,0.833441,
3.48,0.5,2,0.480229,0.833441,
3.48,0.5,2,0.480228,0.833441,
3.48,0.5,2,0.480229,0.833441,
3.49,0.5,2,0.413103,0.86163,
3.49,0.5,2,0.413103,0.86163,
3.49,0.5,2,0.413103,0.86163,
3.49,0.5,2,0.413103,0.86163,
3.49,0.5,2,0.413103,0.86163,
3.49,0.5,2,0.413103,0.86163,
3.49,0.5,2,0.413103,0.86163,
3.49,0.5,2,0.413103,0.86163,
3.5,0.5,2,0.473705,0.837518,
3.5,0.5,2,0.473705,0.837518,
3.5,0.5,2,0.473705,0.837518,
3.5,0.5,2,0.473705,0.837518,
3.5,0.5,2,0.473705,0.837518,
3.5,0.5,2,0.473705,0.837518,
3.5,0.5,2,0.473705,0.837518,
3.5,0.5,2,0.473705,0.837518,
0.35,0.5,1,3.73905e-62,
0.35,0.5,1,3.85178e-62,
0.35,0.5,1,4.30298e-62,
0.35,0.5,1,3.66979e-63,
0.35,0.5,1,5.50145e-62,
0.35,0.5,1,1.34127e-61,
0.35,0.5,1,2.62367e-62,
0.35,0.5,1,1.21352e-62,
3.52,0.5,2,0.46678,0.841676,
3.52,0.5,2,0.46678,0.841676,
3.52,0.5,2,0.46678,0.841676,
3.52,0.5,2,0.46678,0.841676,
3.52,0.5,2,0.46678,0.841676,
3.52,0.5,2,0.46678,0.841676,
3.52,0.5,2,0.46678,0.841676,
3.52,0.5,2,0.46678,0.841676,
3.53,0.5,4,0.398559,0.506944,0.828036,0.871594,
3.53,0.5,4,0.506944,0.828036,0.398559,0.871594,
3.53,0.5,4,0.398559,0.506944,0.828036,0.871594,
3.53,0.5,4,0.506944,0.828036,0.398559,0.871594,
3.53,0.5,4,0.398559,0.506944,0.828036,0.871594,
3.53,0.5,4,0.506944,0.828036,0.398559,0.871594,
3.53,0.5,4,0.506944,0.398559,0.828036,0.871594,
3.53,0.5,4,0.506944,0.398559,0.828036,0.871594,
3.54,0.5,4,0.504203,0.393761,0.829701,0.873819,
3.54,0.5,4,0.504203,0.829701,0.393761,0.873819,
3.54,0.5,4,0.504203,0.829701,0.393761,0.873819,
3.54,0.5,4,0.504203,0.393761,0.829701,0.873819,
3.54,0.5,4,0.504203,0.829701,0.393761,0.873819,
3.54,0.5,4,0.393761,0.504203,0.829701,0.873819,
3.54,0.5,4,0.393761,0.504203,0.829701,0.873819,
3.54,0.5,4,0.393761,0.504203,0.829701,0.873819,
3.55,0.5,5,0.237531,0.655634,0.824456,0.52667,0.930283,
3.55,0.5,10,0.237531,0.655634,0.824457,0.526668,0.930283,0.237531,0.655634,0.824456,0.52667,0.930283,
3.55,0.5,10,0.237531,0.655634,0.824456,0.52667,0.930283,0.237531,0.655634,0.824457,0.526668,0.930283,
3.55,0.5,10,0.237531,0.655634,0.824456,0.52667,0.930283,0.237531,0.655634,0.824457,0.526669,0.930283,
3.55,0.5,5,0.237531,0.655634,0.824456,0.526669,0.930283,
3.55,0.5,10,0.237531,0.655634,0.824457,0.526668,0.930283,0.237531,0.655634,0.824456,0.52667,0.930283,
3.55,0.5,5,0.237531,0.655634,0.824457,0.526669,0.930283,
3.55,0.5,10,0.237531,0.655634,0.824457,0.526668,0.930283,0.237531,0.655634,0.824456,0.52667,0.930283,
3.56,0.5,4,0.527222,0.821044,0.377365,0.882006,
3.56,0.5,4,0.377365,0.527222,0.821044,0.882006,
3.56,0.5,4,0.527222,0.821044,0.377365,0.882006,
3.56,0.5,4,0.377365,0.527222,0.821044,0.882006,
3.56,0.5,4,0.377365,0.527222,0.821044,0.882006,
3.56,0.5,4,0.527222,0.821044,0.377365,0.882006,
3.56,0.5,4,0.527222,0.377365,0.821044,0.882006,
3.56,0.5,4,0.377365,0.527222,0.821044,0.882006,
3.58,0.5,8,0.367382,0.820306,0.531466,0.886344,0.367352,0.820285,0.531508,0.886355,
3.58,0.5,8,0.367382,0.820306,0.531466,0.886344,0.367352,0.820285,0.531508,0.886355,
3.58,0.5,8,0.367352,0.820285,0.531509,0.886344,0.367382,0.820306,0.531466,0.886355,
3.58,0.5,8,0.367382,0.820306,0.531466,0.886344,0.367352,0.820285,0.531508,0.886355,
3.58,0.5,8,0.367382,0.820306,0.531466,0.886344,0.367352,0.820285,0.531508,0.886355,
3.58,0.5,8,0.367352,0.820285,0.531509,0.886344,0.367382,0.820306,0.531466,0.886355,
3.58,0.5,8,0.367382,0.820306,0.531466,0.886344,0.367352,0.820285,0.531508,0.886355,
3.58,0.5,8,0.367382,0.820306,0.531466,0.886344,0.367352,0.820285,0.531509,0.886355,
0.36,0.5,1,2.92303e-31,
0.36,0.5,1,7.37219e-31,
0.36,0.5,1,5.57958e-31,
0.36,0.5,1,6.64319e-31,
0.36,0.5,1,4.32061e-31,
0.36,0.5,1,5.65788e-31,
0.36,0.5,1,7.31365e-31,
0.36,0.5,1,4.29393e-31,
3.62,0.5,8,0.342391,0.806428,0.563278,0.880553,0.386689,0.841997,0.487738,0.896535,
3.62,0.5,8,0.342391,0.806427,0.563278,0.880553,0.38669,0.841997,0.487737,0.896535,
3.62,0.5,8,0.342391,0.806427,0.563278,0.880553,0.38669,0.841997,0.487737,0.896535,
3.62,0.5,8,0.342391,0.806428,0.563278,0.880553,0.386689,0.841997,0.487738,0.896535,
3.62,0.5,8,0.342391,0.806427,0.563278,0.880553,0.38669,0.841997,0.487737,0.896535,
3.62,0.5,8,0.342391,0.806427,0.563278,0.880553,0.38669,0.841997,0.487737,0.896535,
3.62,0.5,8,0.342391,0.806428,0.563278,0.880553,0.386689,0.841997,0.487738,0.896535,
3.62,0.5,8,0.342391,0.806428,0.563278,0.880553,0.386689,0.841997,0.487738,0.896535,
3.69,0.5,4,0.345397,0.526621,0.827149,0.894483,
3.69,0.5,4,0.526621,0.345397,0.827149,0.894483,
3.69,0.5,4,0.526621,0.345397,0.827149,0.894483,
3.69,0.5,4,0.345397,0.827149,0.526621,0.894483,
3.69,0.5,4,0.345397,0.827149,0.526621,0.894483,
3.69,0.5,4,0.345397,0.827149,0.526621,0.894483,
3.69,0.5,4,0.526621,0.345397,0.827149,0.894483,
3.69,0.5,4,0.526621,0.345397,0.827149,0.894483,
0.37,0.5,1,6.36294e-89,
0.37,0.5,1,4.90419e-89,
0.37,0.5,1,4.00661e-89,
0.37,0.5,1,1.16141e-89,
0.37,0.5,1,4.69457e-89,
0.37,0.5,1,5.91645e-89,
0.37,0.5,1,6.94582e-89,
0.37,0.5,1,8.34782e-89,
3.8,0.5,3,0.148628,0.482499,0.959636,
3.8,0.5,3,0.148628,0.482499,0.959636,
3.8,0.5,3,0.482499,0.148628,0.959636,
3.8,0.5,3,0.148628,0.482499,0.959636,
3.8,0.5,3,0.148628,0.482499,0.959636,
3.8,0.5,3,0.148628,0.482499,0.959636,
3.8,0.5,3,0.148628,0.482499,0.959636,
3.8,0.5,3,0.482499,0.148628,0.959636,
0.38,0.5,1,5.51122e-88,
0.38,0.5,1,3.33579e-87,
0.38,0.5,1,1.90172e-87,
0.38,0.5,1,3.05288e-87,
0.38,0.5,1,4.07105e-87,
0.38,0.5,1,2.32465e-87,
0.38,0.5,1,2.2412e-87,
0.38,0.5,1,2.82428e-87,
0.39,0.5,1,1.69626e-64,
0.39,0.5,1,3.54171e-64,
0.39,0.5,1,5.99816e-64,
0.39,0.5,1,3.11373e-64,
0.39,0.5,1,4.99119e-64,
0.39,0.5,1,2.0343e-64,
0.39,0.5,1,4.17542e-64,
0.39,0.5,1,2.22208e-64,
0.4,0.5,1,5.66888e-78,
0.4,0.5,1,1.24812e-77,
0.4,0.5,1,1.91463e-77,
0.4,0.5,1,1.22235e-77,
0.4,0.5,1,1.1432e-77,
0.4,0.5,1,2.99424e-77,
0.4,0.5,1,1.65804e-77,
0.4,0.5,1,3.16013e-77,
0.04,0.5,1,1.09333e-173,
0.04,0.5,1,5.75555e-174,
0.04,0.5,1,4.25007e-174,
0.04,0.5,1,7.09477e-174,
0.04,0.5,1,3.70987e-173,
0.04,0.5,1,5.37895e-173,
0.04,0.5,1,5.90757e-174,
0.04,0.5,1,2.42838e-173,
0.41,0.5,1,2.35447e-19,
0.41,0.5,1,2.61482e-19,
0.41,0.5,1,2.13051e-19,
0.41,0.5,1,2.09033e-19,
0.41,0.5,1,2.69617e-19,
0.41,0.5,1,2.66633e-19,
0.41,0.5,1,2.34218e-19,
0.41,0.5,1,1.9391e-19,
0.42,0.5,1,5.89174e-27,
0.42,0.5,1,5.03691e-27,
0.42,0.5,1,6.70217e-27,
0.42,0.5,1,6.69946e-27,
0.42,0.5,1,5.78281e-27,
0.42,0.5,1,4.35604e-27,
0.42,0.5,1,7.58934e-27,
0.42,0.5,1,3.83858e-27,
0.43,0.5,1,8.45023e-41,
0.43,0.5,1,5.84992e-41,
0.43,0.5,1,3.21737e-41,
0.43,0.5,1,1.59259e-41,
0.43,0.5,1,3.76429e-41,
0.43,0.5,1,4.24918e-41,
0.43,0.5,1,4.55087e-41,
0.43,0.5,1,3.49719e-41,
0.44,0.5,1,3.36394e-25,
0.44,0.5,1,3.88846e-25,
0.44,0.5,1,3.88304e-25,
0.44,0.5,1,2.5472e-25,
0.44,0.5,1,2.24968e-25,
0.44,0.5,1,3.44465e-25,
0.44,0.5,1,2.94412e-25,
0.44,0.5,1,4.34513e-25,
0.45,0.5,1,1.00336e-41,
0.45,0.5,1,2.48579e-41,
0.45,0.5,1,1.95852e-41,
0.45,0.5,1,1.64885e-41,
0.45,0.5,1,1.97839e-41,
0.45,0.5,1,2.21291e-41,
0.45,0.5,1,1.82281e-41,
0.45,0.5,1,2.24847e-41,
0.46,0.5,1,1.19322e-05,
0.46,0.5,1,1.15317e-05,
0.46,0.5,1,1.21531e-05,
0.46,0.5,1,1.23441e-05,
0.46,0.5,1,1.23402e-05,
0.46,0.5,1,1.21624e-05,
0.46,0.5,1,1.24124e-05,
0.46,0.5,1,1.23369e-05,
0.47,0.5,1,5.0695e-14,
0.47,0.5,1,5.93252e-14,
0.47,0.5,1,9.55078e-14,
0.47,0.5,1,9.59296e-14,
0.47,0.5,1,9.45112e-14,
0.47,0.5,1,8.60718e-14,
0.47,0.5,1,5.97067e-14,
0.47,0.5,1,7.07439e-14,
0.48,0.5,1,3.51359e-34,
0.48,0.5,1,7.11054e-34,
0.48,0.5,1,7.02498e-34,
0.48,0.5,1,6.18612e-34,
0.48,0.5,1,7.83572e-34,
0.48,0.5,1,6.15358e-34,
0.48,0.5,1,6.88386e-34,
0.48,0.5,1,5.89567e-34,
0.49,0.5,1,1.33215e-12,
0.49,0.5,1,1.55098e-12,
0.49,0.5,1,2.30745e-12,
0.49,0.5,1,2.50547e-12,
0.49,0.5,1,2.47585e-12,
0.49,0.5,1,1.78747e-12,
0.49,0.5,1,2.26291e-12,
0.49,0.5,1,1.55946e-12,
0.5,0.5,1,1.38181e-25,
0.5,0.5,1,1.11528e-25,
0.5,0.5,1,1.58589e-25,
0.5,0.5,1,1.20127e-25,
0.5,0.5,1,1.9949e-25,
0.5,0.5,1,1.11192e-25,
0.5,0.5,1,1.13805e-25,
0.5,0.5,1,1.27811e-25,
0.05,0.5,1,5.63791e-98,
0.05,0.5,1,1.52304e-98,
0.05,0.5,1,2.8397e-98,
0.05,0.5,1,1.17384e-98,
0.05,0.5,1,1.64559e-98,
0.05,0.5,1,7.58563e-99,
0.05,0.5,1,2.24603e-98,
0.05,0.5,1,6.41514e-99,
0.51,0.5,1,7.24489e-25,
0.51,0.5,1,7.66401e-25,
0.51,0.5,1,8.82192e-25,
0.51,0.5,1,1.25499e-24,
0.51,0.5,1,7.12975e-25,
0.51,0.5,1,7.10864e-25,
0.51,0.5,1,1.01417e-24,
0.51,0.5,1,8.17362e-25,
0.52,0.5,1,1.53385e-25,
0.52,0.5,1,1.15394e-25,
0.52,0.5,1,2.17351e-25,
0.52,0.5,1,4.40456e-25,
0.52,0.5,1,1.47973e-25,
0.52,0.5,1,1.98549e-25,
0.52,0.5,1,2.61848e-25,
0.52,0.5,1,1.97309e-25,
0.53,0.5,1,0.0690723,
0.53,0.5,1,0.0690723,
0.53,0.5,1,0.0690723,
0.53,0.5,1,0.0690723,
0.53,0.5,1,0.0690723,
0.53,0.5,1,0.0690723,
0.53,0.5,1,0.0690723,
0.53,0.5,1,0.0690723,
0.54,0.5,1,0.0701213,
0.54,0.5,1,0.0701213,
0.54,0.5,1,0.0701213,
0.54,0.5,1,0.0701213,
0.54,0.5,1,0.0701213,
0.54,0.5,1,0.0701213,
0.54,0.5,1,0.0701213,
0.54,0.5,1,0.0701213,
0.55,0.5,1,3.76681e-50,
0.55,0.5,1,2.66783e-50,
0.55,0.5,1,6.41e-50,
0.55,0.5,1,8.61231e-50,
0.55,0.5,1,9.79086e-50,
0.55,0.5,1,9.61287e-50,
0.55,0.5,1,6.51556e-50,
0.55,0.5,1,8.74797e-50,
0.56,0.5,1,1.25535e-47,
0.56,0.5,1,6.71799e-48,
0.56,0.5,1,1.36489e-47,
0.56,0.5,1,1.43287e-47,
0.56,0.5,1,1.79633e-47,
0.56,0.5,1,2.10743e-47,
0.56,0.5,1,1.58574e-47,
0.56,0.5,1,9.25042e-48,
0.57,0.5,1,7.66852e-38,
0.57,0.5,1,1.62181e-37,
0.57,0.5,1,9.53693e-38,
0.57,0.5,1,2.79403e-37,
0.57,0.5,1,2.13282e-37,
0.57,0.5,1,1.60683e-37,
0.57,0.5,1,2.09901e-37,
0.57,0.5,1,7.09636e-38,
0.58,0.5,1,0.04459,
0.58,0.5,1,0.04459,
0.58,0.5,1,0.04459,
0.58,0.5,1,0.04459,
0.58,0.5,1,0.04459,
0.58,0.5,1,0.04459,
0.58,0.5,1,0.04459,
0.58,0.5,1,0.04459,
0.59,0.5,1,0.132983,
0.59,0.5,1,0.132983,
0.59,0.5,1,0.132983,
0.59,0.5,1,0.132983,
0.59,0.5,1,0.132983,
0.59,0.5,1,0.132983,
0.59,0.5,1,0.132983,
0.59,0.5,1,0.132983,
0.6,0.5,1,0.0660798,
0.6,0.5,1,0.0660798,
0.6,0.5,1,0.0660798,
0.6,0.5,1,0.0660798,
0.6,0.5,1,0.0660798,
0.6,0.5,1,0.0660798,
0.6,0.5,1,0.0660798,
0.6,0.5,1,0.0660798,
0.06,0.5,1,9.30721e-163,
0.06,0.5,1,1.26431e-162,
0.06,0.5,1,1.63801e-162,
0.06,0.5,1,8.94285e-163,
0.06,0.5,1,8.91343e-163,
0.06,0.5,1,1.51168e-162,
0.06,0.5,1,9.39849e-163,
0.06,0.5,1,1.05894e-162,
0.61,0.5,1,8.48133e-19,
0.61,0.5,1,1.34535e-18,
0.61,0.5,1,1.0631e-18,
0.61,0.5,1,1.11529e-18,
0.61,0.5,1,1.13868e-18,
0.61,0.5,1,1.26077e-18,
0.61,0.5,1,1.24588e-18,
0.61,0.5,1,1.30422e-18,
0.62,0.5,1,0.241314,
0.62,0.5,1,0.241314,
0.62,0.5,1,5.18722e-05,
0.62,0.5,1,0.241314,
0.62,0.5,1,0.241314,
0.62,0.5,1,0.241314,
0.62,0.5,1,5.23508e-05,
0.62,0.5,1,0.241314,
0.63,0.5,1,9.51851e-08,
0.63,0.5,1,1.01079e-07,
0.63,0.5,1,1.07676e-07,
0.63,0.5,1,1.08076e-07,
0.63,0.5,1,1.04347e-07,
0.63,0.5,1,1.0549e-07,
0.63,0.5,1,1.09e-07,
0.63,0.5,1,1.0794e-07,
0.64,0.5,1,4.83204e-13,
0.64,0.5,1,5.22777e-13,
0.64,0.5,1,8.78686e-13,
0.64,0.5,1,6.94973e-13,
0.64,0.5,1,3.27501e-13,
0.64,0.5,1,4.32236e-13,
0.64,0.5,1,6.70245e-13,
0.64,0.5,1,6.26375e-13,
0.65,0.5,1,0.0940523,
0.65,0.5,1,0.0940523,
0.65,0.5,1,0.0940523,
0.65,0.5,1,0.0940523,
0.65,0.5,1,0.0940523,
0.65,0.5,1,0.0940523,
0.65,0.5,1,0.0940523,
0.65,0.5,1,0.0940523,
0.66,0.5,1,0.294617,
0.66,0.5,1,1.03971e-13,
0.66,0.5,1,1.06008e-13,
0.66,0.5,1,0.294617,
0.66,0.5,1,1.4714e-13,
0.66,0.5,1,2.7253e-14,
0.66,0.5,1,0.294617,
0.66,0.5,1,5.83934e-14,
0.67,0.5,1,1.15051e-16,
0.67,0.5,1,7.94323e-15,
0.67,0.5,1,2.16325e-15,
0.67,0.5,1,1.60516e-15,
0.67,0.5,1,2.46321e-14,
0.67,0.5,1,1.7306e-14,
0.67,0.5,1,9.96219e-16,
0.67,0.5,1,2.79235e-16,
0.68,0.5,1,1.82236e-18,
0.68,0.5,1,1.43128e-18,
0.68,0.5,1,3.71788e-18,
0.68,0.5,1,2.70485e-18,
0.68,0.5,1,2.67098e-18,
0.68,0.5,1,3.32898e-18,
0.68,0.5,1,3.69072e-18,
0.68,0.5,1,2.16844e-18,
0.69,0.5,1,3.09791e-06,
0.69,0.5,1,3.42309e-06,
0.69,0.5,1,4.07763e-06,
0.69,0.5,1,4.06112e-06,
0.69,0.5,1,4.10746e-06,
0.69,0.5,1,3.3996e-06,
0.69,0.5,1,3.71562e-06,
0.69,0.5,1,3.72278e-06,
0.7,0.5,1,2.64225e-09,
0.7,0.5,1,0.147372,
0.7,0.5,1,0.147372,
0.7,0.5,1,0.147372,
0.7,0.5,1,0.147372,
0.7,0.5,1,0.147372,
0.7,0.5,1,0.147372,
0.7,0.5,1,0.147372,
0.07,0.5,1,8.31843e-104,
0.07,0.5,1,2.18303e-104,
0.07,0.5,1,1.53104e-104,
0.07,0.5,1,5.20482e-105,
0.07,0.5,1,1.89389e-104,
0.07,0.5,1,1.88998e-104,
0.07,0.5,1,8.15906e-105,
0.07,0.5,1,1.05075e-104,
0.71,0.5,1,0.14925,
0.71,0.5,1,0.14925,
0.71,0.5,1,2.76044e-08,
0.71,0.5,1,0.14925,
0.71,0.5,1,0.14925,
0.71,0.5,1,0.14925,
0.71,0.5,1,0.14925,
0.71,0.5,1,0.14925,
0.72,0.5,1,0.150893,
0.72,0.5,1,0.150893,
0.72,0.5,1,0.150893,
0.72,0.5,1,0.150893,
0.72,0.5,1,0.150893,
0.72,0.5,1,0.150893,
0.72,0.5,1,0.150893,
0.72,0.5,1,0.150893,
0.73,0.5,1,2.17626e-06,
0.73,0.5,1,2.17157e-06,
0.73,0.5,1,1.99152e-06,
0.73,0.5,1,1.9844e-06,
0.73,0.5,1,1.7555e-06,
0.73,0.5,1,2.20379e-06,
0.73,0.5,1,2.13524e-06,
0.73,0.5,1,2.19724e-06,
0.74,0.5,1,0.0487776,
0.74,0.5,1,0.0487776,
0.74,0.5,1,0.0487776,
0.74,0.5,1,0.0487776,
0.74,0.5,1,0.0487776,
0.74,0.5,1,0.0487776,
0.74,0.5,1,0.0487776,
0.74,0.5,1,0.0487776,
0.75,0.5,1,1.13819e-09,
0.75,0.5,1,1.39017e-09,
0.75,0.5,1,1.56507e-09,
0.75,0.5,1,1.57873e-09,
0.75,0.5,1,1.56132e-09,
0.75,0.5,1,1.59079e-09,
0.75,0.5,1,1.58555e-09,
0.75,0.5,1,1.57717e-09,
0.76,0.5,1,0.0264595,
0.76,0.5,1,0.0264595,
0.76,0.5,1,0.0264595,
0.76,0.5,1,0.0264595,
0.76,0.5,1,0.0264595,
0.76,0.5,1,0.0264595,
0.76,0.5,1,0.0264595,
0.76,0.5,1,0.0264595,
0.77,0.5,1,5.7298e-32,
0.77,0.5,1,2.16889e-31,
0.77,0.5,1,1.27046e-31,
0.77,0.5,1,1.87972e-31,
0.77,0.5,1,1.11777e-31,
0.77,0.5,1,1.96171e-31,
0.77,0.5,1,2.0967e-31,
0.77,0.5,1,1.86445e-31,
0.78,0.5,1,1.19402e-34,
0.78,0.5,1,1.14707e-35,
0.78,0.5,1,1.9874e-34,
0.78,0.5,1,3.97372e-34,
0.78,0.5,1,3.08324e-34,
0.78,0.5,1,4.0388e-34,
0.78,0.5,1,1.62601e-34,
0.78,0.5,1,1.06315e-34,
0.79,0.5,1,4.24565e-45,
0.79,0.5,1,8.71254e-45,
0.79,0.5,1,1.93283e-44,
0.79,0.5,1,2.03223e-44,
0.79,0.5,1,1.57882e-44,
0.79,0.5,1,6.12339e-45,
0.79,0.5,1,1.93729e-44,
0.79,0.5,1,1.53458e-44,
0.8,0.5,1,0.0860289,
0.8,0.5,1,0.0860289,
0.8,0.5,1,0.0860289,
0.8,0.5,1,0.0860289,
0.8,0.5,1,0.0860289,
0.8,0.5,1,0.0860289,
0.8,0.5,1,0.0860289,
0.8,0.5,1,0.0860289,
0.08,0.5,1,1.47697e-99,
0.08,0.5,1,2.94778e-99,
0.08,0.5,1,2.26843e-99,
0.08,0.5,1,2.15902e-98,
0.08,0.5,1,5.7799e-99,
0.08,0.5,1,4.18991e-99,
0.08,0.5,1,5.19309e-99,
0.08,0.5,1,5.22995e-99,
0.81,0.5,1,1.35281e-16,
0.81,0.5,1,2.25085e-16,
0.81,0.5,1,2.00541e-16,
0.81,0.5,1,3.15383e-16,
0.81,0.5,1,2.76654e-16,
0.81,0.5,1,2.93131e-16,
0.81,0.5,1,2.4337e-16,
0.81,0.5,1,3.36164e-16,
0.82,0.5,1,4.7585e-24,
0.82,0.5,1,1.74278e-22,
0.82,0.5,1,2.24529e-22,
0.82,0.5,1,2.27959e-22,
0.82,0.5,1,3.18993e-22,
0.82,0.5,1,1.02199e-22,
0.82,0.5,1,2.35386e-22,
0.82,0.5,1,1.41835e-22,
0.83,0.5,1,0.230091,
0.83,0.5,1,0.0417883,
0.83,0.5,1,0.230091,
0.83,0.5,1,0.230091,
0.83,0.5,1,0.230091,
0.83,0.5,1,0.230091,
0.83,0.5,1,0.0417883,
0.83,0.5,1,0.230091,
0.84,0.5,1,3.36701e-05,
0.84,0.5,1,3.32622e-05,
0.84,0.5,1,3.40174e-05,
0.84,0.5,1,3.34743e-05,
0.84,0.5,1,3.35403e-05,
0.84,0.5,1,3.33022e-05,
0.84,0.5,1,3.34849e-05,
0.84,0.5,1,3.31647e-05,
0.85,0.5,1,0.0680332,
0.85,0.5,1,0.0680332,
0.85,0.5,2,0.343648,0.346103,
0.85,0.5,1,0.0680333,
0.85,0.5,1,0.0680332,
0.85,0.5,1,0.0680333,
0.85,0.5,2,0.343414,0.346323,
0.85,0.5,1,0.0680332,
0.86,0.5,1,6.47793e-15,
0.86,0.5,1,7.80039e-15,
0.86,0.5,1,6.47612e-15,
0.86,0.5,1,8.44055e-15,
0.86,0.5,1,8.11067e-15,
0.86,0.5,1,4.46989e-15,
0.86,0.5,1,6.38603e-15,
0.86,0.5,1,6.92409e-15,
0.87,0.5,1,0.0311726,
0.87,0.5,1,0.0311726,
0.87,0.5,1,0.0311726,
0.87,0.5,1,0.0311726,
0.87,0.5,1,0.0311726,
0.87,0.5,1,0.0311726,
0.87,0.5,1,0.0311726,
0.87,0.5,1,0.0311726,
0.88,0.5,1,1.56833e-05,
0.88,0.5,1,1.61819e-05,
0.88,0.5,1,1.58403e-05,
0.88,0.5,1,1.60891e-05,
0.88,0.5,1,1.57388e-05,
0.88,0.5,1,1.62427e-05,
0.88,0.5,1,1.58489e-05,
0.88,0.5,1,1.58266e-05,
0.89,0.5,1,2.489e-08,
0.89,0.5,1,3.20005e-08,
0.89,0.5,1,3.36438e-08,
0.89,0.5,1,4.48252e-08,
0.89,0.5,1,4.56142e-08,
0.89,0.5,1,3.52997e-08,
0.89,0.5,1,3.38609e-08,
0.89,0.5,1,5.2351e-08,
0.9,0.5,1,5.06015e-07,
0.9,0.5,1,4.25915e-07,
0.9,0.5,1,4.97746e-07,
0.9,0.5,1,4.71697e-07,
0.9,0.5,1,5.0064e-07,
0.9,0.5,1,5.05363e-07,
0.9,0.5,1,5.08503e-07,
0.9,0.5,1,4.98199e-07,
0.09,0.5,1,2.96714e-77,
0.09,0.5,1,2.38189e-77,
0.09,0.5,1,4.40322e-77,
0.09,0.5,1,4.6777e-77,
0.09,0.5,1,1.03775e-76,
0.09,0.5,1,1.39481e-77,
0.09,0.5,1,1.57896e-77,
0.09,0.5,1,3.05827e-77,
0.91,0.5,1,1.64353e-12,
0.91,0.5,1,2.34289e-12,
0.91,0.5,1,2.74494e-12,
0.91,0.5,1,3.26669e-12,
0.91,0.5,1,2.47208e-12,
0.91,0.5,1,2.26341e-12,
0.91,0.5,1,2.66592e-12,
0.91,0.5,1,2.10484e-12,
0.92,0.5,1,1.46399e-05,
0.92,0.5,1,1.40037e-05,
0.92,0.5,1,1.40388e-05,
0.92,0.5,1,1.44066e-05,
0.92,0.5,1,1.46006e-05,
0.92,0.5,1,1.47046e-05,
0.92,0.5,1,1.46578e-05,
0.92,0.5,1,1.41928e-05,
0.93,0.5,1,0.294305,
0.93,0.5,1,0.294305,
0.93,0.5,1,4.45878e-11,
0.93,0.5,1,0.294305,
0.93,0.5,1,0.294305,
0.93,0.5,1,0.294305,
0.93,0.5,1,0.294305,
0.93,0.5,1,0.294305,
0.94,0.5,1,5.31246e-13,
0.94,0.5,1,0.263362,
0.94,0.5,1,0.263362,
0.94,0.5,1,0.263362,
0.94,0.5,1,0.263362,
0.94,0.5,1,0.263362,
0.94,0.5,1,0.263362,
0.94,0.5,1,0.263362,
0.95,0.5,1,0.173275,
0.95,0.5,1,0.173275,
0.95,0.5,1,0.173275,
0.95,0.5,1,0.173275,
0.95,0.5,1,0.173275,
0.95,0.5,1,0.173275,
0.95,0.5,1,0.173275,
0.95,0.5,1,0.173275,
0.96,0.5,1,0.122311,
0.96,0.5,2,0.271917,0.343243,
0.96,0.5,2,0.271917,0.343243,
0.96,0.5,2,0.271917,0.343243,
0.96,0.5,2,0.271917,0.343243,
0.96,0.5,2,0.271917,0.343243,
0.96,0.5,2,0.271917,0.343243,
0.96,0.5,2,0.271917,0.343243,
0.97,0.5,1,5.79158e-29,
0.97,0.5,1,1.06226e-28,
0.97,0.5,1,2.48316e-28,
0.97,0.5,1,1.88023e-28,
0.97,0.5,1,1.97065e-28,
0.97,0.5,1,2.0096e-28,
0.97,0.5,1,1.65694e-28,
0.97,0.5,1,1.68842e-28,
0.98,0.5,1,5.53599e-11,
0.98,0.5,1,6.04651e-11,
0.98,0.5,1,6.11775e-11,
0.98,0.5,1,5.95946e-11,
0.98,0.5,1,4.26514e-11,
0.98,0.5,1,5.15163e-11,
0.98,0.5,1,3.42995e-11,
0.98,0.5,1,7.67437e-11,
0.99,0.5,1,0.0508983,
0.99,0.5,1,0.0508983,
0.99,0.5,1,0.0508983,
0.99,0.5,1,0.0508983,
0.99,0.5,1,0.0508983,
0.99,0.5,1,0.0508983,
0.99,0.5,1,0.0508983,
0.99,0.5,1,0.0508983,
1,0.5,1,1.65437e-16,
1,0.5,1,2.77e-16,
1,0.5,1,1.35301e-16,
1,0.5,1,1.36591e-16,
1,0.5,1,7.41356e-17,
1,0.5,1,1.94494e-16,
1,0.5,1,1.21018e-16,
1,0.5,1,1.24387e-16,
0.1,0.5,1,1.18866e-135,
0.1,0.5,1,1.15296e-135,
0.1,0.5,1,1.4854e-135,
0.1,0.5,1,1.01281e-135,
0.1,0.5,1,1.80486e-135,
0.1,0.5,1,1.9404e-135,
0.1,0.5,1,1.19904e-135,
0.1,0.5,1,1.2679e-135,
